Noise unique,Total  Emails,Message ID,Closeness 1 .. 100,Not Closenss 1 .. 100
bhvx:1_m1fNvJI6Y8kAAAU+,bhvx:1_EQ5FPxSfFpkAADad,qc3JlYqA|E2ef5,bhvx:1_MexCvnG+RCEAAFOC,bhvx:1_bRBUsMmiBBQAAAGl
bhvx:1_StJulj1+DtgAAARa,bhvx:1_EVD5vJ3SVbAAA5s+,ngRwIkqA|E2169,bhvx:1_fEYnVqDMsdIAAOko,bhvx:1_EQ5FPxSfFpkAADad
bhvx:1_8Gc8rf5jSnwAAATO,bhvx:1_SfDu4pvIrAEAABgk,Hmp1/EqA|Efd8,bhvx:1_pbDoeUbFKjYAAB3L,bhvx:1_lhBY0nrne8cAABXh
bhvx:1_bmmBKuoMfpEAAAT+,bhvx:1_5roqwMzhyGsAAAHG,YAzO7wqA|E1286,bhvx:1_eQ7dAgcxXRUAACrP,bhvx:1_XrmRXVtY7ZcAAB3P
bhvx:1_vNcABraWTRoAEkGu,bhvx:1_qqWuTnPYgRwAAB8t,MttY2EqA|Eb8c,bhvx:1_9mZDzC6BcMIAAH0U,bhvx:1_H6OGkwtW45sAAAYh
bhvx:1_M5DF3gO1OoUAC9NU,bhvx:1_yhDXnmuhsJsAAN8d,oitFpYqA|Ea05,bhvx:1_2mpyVjMvhjsAAAZP,bhvx:1_sVRLSvtwUHcAABR7
bhvx:1_mTsbwu5QjJ0AAAVW,bhvx:1_7AqGvuW1tM8AABsV,v2YNpYqA|Ec15,bhvx:1_MNHwkDtKdT4AAAoO,bhvx:1_gTFV9xYvZmsAAAR1
bhvx:1_oUifikRgpjAAAAVN,bhvx:1_7wqd2wkooV0AETzR,1nZd84qA|E1533,bhvx:1_yhDXnmuhsJsAAN8d,bhvx:1_tL4y+N4A5mkAAAWZ
bhvx:1_bjxfiSyf5EoAAAUj,bhvx:1_4WUXy7jTY64AARSd,xchFJkqA|E34c3,bhvx:1_mY7tO0KXt4IAAAbM,bhvx:1_4Pb2ivdzS/UAAE1B
bhvx:1_Fk6f/lNXJl0AAAVj,bhvx:1_Q9z1zMJ0VakAAARz,sJUdbkqA|E347d,bhvx:1_pQBMjWUB4W4AAAig,bhvx:1_NrR2O11A6IUAABoD
bhvx:1_3D4y5A+5+BcAAAY/,bhvx:1_La0wR+I7xNwAAJbN,safRrEqA|E129d,bhvx:1_4WUXy7jTY64AARSd,bhvx:1_GA8urne2NbAAADxf
bhvx:1_lolQtdApxCAAAAUX,bhvx:1_rHI0AIH9D34AAALh,roc60EqA|E348d,bhvx:1_yzEC/Fn6M6sAAFB6,bhvx:1_k2lCCupqSIwAACW8
bhvx:1_g5PsFyQQNHIAAAUz,bhvx:1_cjpC8gTCr7IAACYr,HPo5zIqA|E1a68,bhvx:1_La0wR+I7xNwAAJbN,bhvx:1_+gQvJfe48YsAACgQ
bhvx:1_BpJIWvNfa8cAAAVs,bhvx:1_LAOXNnfrU9sACD2Q,XUgElkqA|E1242,bhvx:1_CEhZ66m85iwAABZ4,bhvx:1_VS5ckYu3ZdEAAAGe
bhvx:1_3we47RYmDj0AABKE,bhvx:1_D83Pqp6hApoAACeN,iUNJ2wqA|E1aa9,bhvx:1_F7rol0Vh79sAAiPX,bhvx:1_cjpC8gTCr7IAACYr
bhvx:1_/+8xSE99SyUAABPL,bhvx:1_SYPFA7z/sJoAADby,zZ/Y2EqA|E3bab,bhvx:1_LAOXNnfrU9sACD2Q,bhvx:1_bCgx7OaMtb4AAAVi
bhvx:1_bbDCVqZJJgsAAAWX,bhvx:1_3xQ2QfbHnZYAAAIQ,R1r1UYqA|E21b2,bhvx:1_RMR7v9yOyoYAAHTE,bhvx:1_LnMI7J1FSIQAABPD
bhvx:1_VZHdJoRpTKIAAAU1,bhvx:1_hwOlxdzr5IkAAAGk,GE2YOEqA|Ec10,bhvx:1_i5Sh1lh1+kIAAB8e,bhvx:1_1WFbY9JgHHEAAEQc
bhvx:1_QF+qyBaoxiAAAATK,bhvx:1_6SxfsP+r7M4AAASz,fQVSuIqA|E3606,bhvx:1_z57A5O62lQQAAIGa,bhvx:1_VW/aV2ykwU8ARebR
bhvx:1_dQdTgHzyK48AADzf,bhvx:1_bWb1pIcEgM0ABDGT,4v1UBYqA|Eae7,bhvx:1_2InzaPliXDIAACdR,bhvx:1_Nt/wOKpzBr8AAAfn
bhvx:1_GR2sJSfIDD0AAAX0,bhvx:1_4IfKUCkDhMwAAEem,BkHuSEqA|E2f40,bhvx:1_4A5IvWSb5uEAAAxA,bhvx:1_LuUas0u3DhQAAAXt
bhvx:1_+J0k+7wtsdQAAaqv,bhvx:1_L3RkYFMg5GMAAAVY,D6CFQYqA|E1de0,bhvx:1_L8+tTYARuroABazm,bhvx:1_YGzbN3QZ7EsAAE+P
bhvx:1_yLbUfZ3ElLgAAAUZ,bhvx:1_OIkWMQ2rVF8AAAqi,dxE34wqA|Ef96,bhvx:1_5qXl2umsO2YAACow,bhvx:1_86l4ddt3JHYAAAx4
bhvx:1_Vy7mx9A1X0MAAARk,bhvx:1_IRXfqzTCr2YAAAbS,RJUujEqA|E371a,bhvx:1_3xQ2QfbHnZYAAAIQ,bhvx:1_Tu5sqWEsWakAABvi
bhvx:1_QcvQotdgzCkAAAUu,bhvx:1_HmOkAN9b9SAAABAz,moMjnwqA|E31f9,bhvx:1_kVuWkaYga5EAAIJG,bhvx:1_4IfKUCkDhMwAAEem
bhvx:1_skRNpdvzXhQAAAUU,bhvx:1_H4C+/3zstw0AAAs9,voE1iEqA|E36ed,bhvx:1_4IfKUCkDhMwAAEem,bhvx:1_iTmd8sPdkd8AAEJN
bhvx:1_4ECVbgEKg44AAAU5,bhvx:1_vuh4BzY4mGgAABdi,8P/NbwqA|E1aaf,bhvx:1_8drOEetFAIYAAAZN,bhvx:1_Qv6G4q9pKN8AA90P
bhvx:1_iUlqhC9xE0IAAAVJ,bhvx:1_MVeXO2YWOgQACFoW,mouGo4qA|Ef31,bhvx:1_leKM9Dh9h1oAA0Mq,bhvx:1_cxokhxSNNo4AACVz
bhvx:1_qkb0TbhUgNgAAATg,bhvx:1_n+ZfkhHPB1cAAyz3,mQoDw4qA|E3081,bhvx:1_eu7oKj9XjzQAACXr,bhvx:1_pZLE6WIXrqwAAHaF
bhvx:1_4aYGUTbinRcAAAUL,bhvx:1_TmMvilXhepAAAAra,eX1XPoqA|Eac6,bhvx:1_aRq/UQsiK8MAAAps,bhvx:1_SDjHsakj18sAAATS
bhvx:1_R7onAcMaklEAAAYz,bhvx:1_swmLg3nnnGgAAAa5,bqHGkkqA|E273e,bhvx:1_NLM6nxUbLxQAAAWj,bhvx:1_EH0yDP6Yv4IAABhT
bhvx:1_uCVd8r6zJ4wAAAWp,bhvx:1_t6120uNX360AABJD,uFNhokqA|E4085,bhvx:1_85xx8bBi4FUAAAMt,bhvx:1_xyCpjYeeezQAABXH
bhvx:1_PlRhvYd5NdYAAAT0,bhvx:1_ncIgoNJTtAgAAB5S,TZ+2hYqA|Ef22,bhvx:1_QGqK6xQNrN4ACG2p,bhvx:1_8lny4czCRyEAACXH
bhvx:1_RN6vP/F1ZjkAAAZg,bhvx:1_yAURA9qcF6QAABkE,3qmEswqA|Ee6b,bhvx:1_sW9afnfNUlEAAAMA,bhvx:1_V8FNESfYe3MAAD6f
bhvx:1_7e/nfyeH50AAABnh,bhvx:1_os0GMrUOSUcAABPU,Yo9aGUqA|E269e,bhvx:1_mQ7M/nzOdG0AAAej,bhvx:1_cr4h+Blu6BkAAHsH
bhvx:1_QEbRotK++zcAABkS,bhvx:1_u8xpEtMvtgUAADHI,aQ2+QYqA|E32ee,bhvx:1_0ZfGpgogCuQAAAO+,bhvx:1_vuh4BzY4mGgAABdi
bhvx:1_UhxZPs3xdtwAAARv,bhvx:1_YGFIK2UsoJQAAP+3,W5SflkqA|Ef42,bhvx:1_G9jT/lwqz3oAAAGl,bhvx:1_/mtGQvI3wQQAAAx5
bhvx:1_Kr8O3fDlzWcAAAWo,bhvx:1_cgyX7u0R+WgAAAL6,JtRu+IqA|E70c,bhvx:1_swmLg3nnnGgAAAa5,bhvx:1_W+VCBqd6r8EAAAYR
bhvx:1_R2Rra/YOqmgAAarH,bhvx:1_gzR/dA7X83AAAElH,uZ/iiEqA|Ee5d,bhvx:1_Tr9QuE5YAlsAAK2l,bhvx:1_JwLceV6/URcAAA29
bhvx:1_UCNqUCq8/fcAAATJ,bhvx:1_7913skTx0dEAABW9,UHlwI4qA|Ebea,bhvx:1_oE77YaDUv+0AAEb5,bhvx:1_TmMvilXhepAAAAra
bhvx:1_J2sRItlp5vUAAAUY,bhvx:1_FeES5laYzr4AAAGF,7z9BCEqA|E328f,bhvx:1_yNZCBMEqLUgAAAY0,bhvx:1_Fqt6spYdFhMAAD4Y
bhvx:1_ZADA91qtl5EAAAVa,bhvx:1_Ah4A2Vz5LWQAACID,jLNhyIqA|E3399,bhvx:1_eQqIgT0xB/MAAAgD,bhvx:1_oE77YaDUv+0AAEb5
bhvx:1_FgMEKj274LsAAaqq,bhvx:1_ClWlf/dhUVkAABMO,ms3u5kqA|E32c1,bhvx:1_3476UokNnaYAAEhj,bhvx:1_ZVwo9Ua0t7AAACaH
bhvx:1_z29Owt/K/aAAAD+p,bhvx:1_8AqhpBjeUSkAATuh,MqP29wqA|E331c,bhvx:1_Avr3KbEnhbkAABIq,bhvx:1_AwvSKa6jdqwAACkm
bhvx:1_ffvt9ElqzKkAAAVb,bhvx:1_xf+S8sw7izMAAT//,wW+ESwqA|Ea33,bhvx:1_AKnikty5ogwAAAlT,bhvx:1_RHO376HNJAEAABdk
bhvx:1_ZeUNdRWvjbUAAATr,bhvx:1_XA+Z/R6BdXQAACa2,zN49DYqA|E2f2b,bhvx:1_D1Mx1JMjYJIAAB2n,bhvx:1_big5YcudyHsAAFqI
bhvx:1_uwKEfsPmgHoAAaql,bhvx:1_qMLmkEZMefEAAAz5,WJ5J/wqA|E31fa,bhvx:1_x5TwWN1aoS0AAF2C,bhvx:1_sSCURsdSL7AABJtk
bhvx:1_a6/gQfxfz44AAAXy,bhvx:1_OeAPtpLOlW4AAA3e,VbgmY4qA|E1e22,bhvx:1_rPDkP6OcmNAAAAsA,bhvx:1_qzYJQTCzuwUAABNN
bhvx:1_ic1KOzOMo8wAAAQh,bhvx:1_eVEjN+bBx7YAACcu,7nnNqEqA|E2f3f,bhvx:1_oiXfO9DN9k4AACRk,bhvx:1_9yHboQyODtkAAATH
bhvx:1_7VvzE17RC8kAAAQM,bhvx:1_3c8aP/ZPEYgAAA0v,M3pHsUqA|Ef44,bhvx:1_EFYcFTiVPuQAAAsX,bhvx:1_vPX53ja9eKoAAEYH
bhvx:1_xbftjC1ALxsAAAVR,bhvx:1_90MlbPLN+UgAAAMi,0ajohkqA|E16d3,bhvx:1_Bo6/Bug9vz4AAAVg,bhvx:1_Xd38J6nxYzIAAAGh
bhvx:1_L65kkOSoIcMAACFY,bhvx:1_fG3a9Rgcle0AGqPB,ww3xKIqA|E3a7b,bhvx:1_7913skTx0dEAABW9,bhvx:1_SVhrln+NW1cAABKa
bhvx:1_QpjWkuaa/3QAAAVj,bhvx:1_5YjKgnXYmsQAATL3,QB71XIqA|E16aa,bhvx:1_TQRam3iYyk8AAAYW,bhvx:1_mvlvdHlXVc0AAEHi
bhvx:1_A8IvXIW6xFQAAb2u,bhvx:1_rbl5CWycV2oAAN6U,5JbvRIqA|E3077,bhvx:1_aaonxCAIGO0AAIPv,bhvx:1_Zn8VXus+owAAADLY
bhvx:1_iWZAtmTAVLMAAAH5,bhvx:1_FebtqwxyN2wAADYJ,tbIHSwqA|E2a0d,bhvx:1_9x3bxqRXxjoAAAZy,bhvx:1_4V9StvIdVI0AAA1l
bhvx:1_ap3QLF3B/EMAAEfn,bhvx:1_gu8eiLd4MXIAADVr,aSGJI4qA|E399e,bhvx:1_OppWZ8gWL5EAAEe9,bhvx:1_wAPLjnrRvsYAACLi
bhvx:1_+9kY/aD8KzQAADpM,bhvx:1_ObqcYA2jTH4AAApP,qzVdiwqA|E30fd,bhvx:1_8AqhpBjeUSkAATuh,bhvx:1_QYxAyCa61fcAAAfY
bhvx:1_aXuvkfAnbdsAAOj+,bhvx:1_X2vyTnhaVpEAFPsQ,0L45I4qA|E1e23,bhvx:1_QYxAyCa61fcAAAfY,bhvx:1_d8+w2px2ZdkAABnd
bhvx:1_v8oYLX5Uyx4AAAHx,bhvx:1_G5XOyPYLuvsAACOR,mjeT8YqA|E1ec9,bhvx:1_LE+X5cKDCl0AAALn,bhvx:1_dQL0S/V6R7gAAA4J
bhvx:1_RRHRKvqqfnYAAEnf,bhvx:1_Xe310SdbYE4AAiqG,beF7fEqA|E27be,bhvx:1_u0N9PYQCzZsAAAUG,bhvx:1_wlxPjMxsUFUAABXB
bhvx:1_cvhlthM7MbQAAAZj,bhvx:1_p51J2jO2d7UAABRx,Ox+gIkqA|E2f5c,bhvx:1_AQMGf/nE8jEAAAL6,bhvx:1_stXtjaMIe/oAABDh
bhvx:1_S7YgDLC5GgUAAafB,bhvx:1_/nfkreZwX0wAAERz,3dDtE4qA|E36db,bhvx:1_upV03SrkPIkAAAXJ,bhvx:1_x3AigrEvRFwAAAHT
bhvx:1_uL1R3gHj71wAAAKB,bhvx:1_BRDmIO9QiNMAAAyt,qYgpLEqA|E2f4d,bhvx:1_kJlacwfY/gwAAXT5,bhvx:1_IeYT/IJn4PQAAB3P
bhvx:1_iZlqMEs+lb8AAClv,bhvx:1_j+Vy3xRKM7IAAYet,r0e0AYqA|E2d65,bhvx:1_yXDtNMuzC+wAAA/l,bhvx:1_UlMshGRr9s8AABOy
bhvx:1_zZf4wXJO0P8AAchu,bhvx:1_ObGgODWzCA4AAC/0,dUq1rkqA|E145e,bhvx:1_oErl2oSD8lMAABzu,bhvx:1_vu51No/YZpIAABLw
bhvx:1_fCbJdctPAoIAAAa1,bhvx:1_DxZyOLK0u7AAAEm3,cq80cUqA|Ec1e,bhvx:1_xj8WubDRwW0AAANA,bhvx:1_1wg4tRa3WF8AABhV
bhvx:1_RgKSWy3X1zMAAATb,bhvx:1_U6nxlt5hUV0AAAUl,Z7bf+EqA|E24c6,bhvx:1_Z7mYc34NOQwAABcD,bhvx:1_sD3Mw8M7WpYAAASY
bhvx:1_DA/8XphINycAADqp,bhvx:1_bMAD6VyAAR8AACIV,IqjHDEqA|E2154,bhvx:1_qMLmkEZMefEAAAz5,bhvx:1_3B/TBz+69aYAAD/V
bhvx:1_Propsoj6F/8AAhwG,bhvx:1_iRwLWzUMzAQAAC/9,x4C2y4qA|E3b83,bhvx:1_ap559NPhPnIAADKe,bhvx:1_Ug7FUKu8QmMAAAHR
bhvx:1_VGPgtA+KtkEAAafe,bhvx:1_MRSinBXcDcAAAOt4,6o2aPoqA|E315f,bhvx:1_OeAPtpLOlW4AAA3e,bhvx:1_klIstoiWShQAABnm
bhvx:1_1esBWOuP+EQAADCU,bhvx:1_8Gc8rf5jSnwAAATO,6agOrEqA|Efd7,bhvx:1_WICMWAPgGPAAAAKb,bhvx:1_7nadB43VSs4AABLH
bhvx:1_gtqXv/brBs0AAHUb,bhvx:1_FiZ3iXsEE5YAAFvb,OgcgNoqA|E3d2c,bhvx:1_7JzbTr8HZkAAAAMF,bhvx:1_vHTth+3G66AAAAbq
bhvx:1_01GYmYVy+FQAAAHR,bhvx:1_aJRMjIXX6bgAAAWC,oP7+0UqA|E3945,bhvx:1_0m7MtfdqwDkAAIRb,bhvx:1_74iLjUfJLJEAACZX
bhvx:1_tZxfeYUALMsAAEGB,bhvx:1_ngyw84dwYasAABNr,bnXBCEqA|E3446,bhvx:1_UzyOE+452GcAAIfD,bhvx:1_3c8aP/ZPEYgAAA0v
bhvx:1_N4/1jk91Bu4AAAh9,bhvx:1_EjePmxzdyMkAAAbD,eB8RlYqA|E1df6,bhvx:1_Pctg/mTORCsAAIM/,bhvx:1_TKWZkE0OQ7QAAG5T
bhvx:1_Mtzl5ypN/FQAABsI,bhvx:1_4YdMzDhER4kAAAW0,nFHZZoqA|E33c1,bhvx:1_vHTth+3G66AAAAbq,bhvx:1_TWCmOrUL/dkAAIOL
bhvx:1_dOvHaMsJryIAADes,bhvx:1_ZwBV7L4fFXYAABYh,gZuHMYqA|E33d9,bhvx:1_3c8aP/ZPEYgAAA0v,bhvx:1_8CJ8GhxfpIEAAR2Z
bhvx:1_HKMjqj3GfPMAADW8,bhvx:1_OOeGNWRkslIAAGMf,bcKU/EqA|E32a6,bhvx:1_i+obuA3AxuAAAJVr,bhvx:1_T7TX4NNmTncAABxD
bhvx:1_WZqa1SIoY18AACRy,bhvx:1_IAl9mh8O3AgAAAsC,7o25MYqA|E3cd7,bhvx:1_/9OAF9QSKIUAABR0,bhvx:1_JUznOqd1BSYAAA4Q
bhvx:1_ZJH98NpdG58AAB1l,bhvx:1_//3wWmosbOEAABo4,OyhDKkqA|E4084,bhvx:1_4bw5S2P9MosAElgI,bhvx:1_MRkmbUBfqqIAAuk1
bhvx:1_nUxdOr3NFKgAA4Dz,bhvx:1_ypETQAXlZP8AAA0e,KBNjukqA|E30c4,bhvx:1_5YjKgnXYmsQAATL3,bhvx:1_j/QPSrXUaJwAAB/r
bhvx:1_4Ia/ew85XkgAACaD,bhvx:1_9X9DdMaaHIUAAD5g,VTfdoYqA|E37da,bhvx:1_p1HzeOUOPSIAAATA,bhvx:1_vCycRlGfdHkAADt6
bhvx:1_8YtbwteXk2gAAfMw,bhvx:1_vT7gNdnn4LkACG0p,oKkxz4qA|E308d,bhvx:1_fUqp5K9Xll4AAEw8,bhvx:1_1iO+XmUMXAAAAE8B
bhvx:1_jjBAoo8DEysAActj,bhvx:1_7flgGg2vs7MAACdt,CtZdGkqA|E3f60,bhvx:1_Rsrha0rt2tMACEq6,bhvx:1_qcUmGOL/LYMAACOs
bhvx:1_cpfi5gAm3wkAAAad,bhvx:1_K0X6jVN9ZKIAAA77,3thg1wqA|E1943,bhvx:1_F0FCBCAslj8AAAbd,bhvx:1_IzR6HE8p/ucAA1Ne
bhvx:1_qExaC6h5GdQAACOJ,bhvx:1_ETBMrWMvqmwAAAGn,1FvB+YqA|E336b,bhvx:1_MMXrsIjgghAAACly,bhvx:1_wowDLC6Q5vQAADMe
bhvx:1_v7/2ScZUlkYAAC1K,bhvx:1_YaPZxhfnjqYAAAkz,GY3rI4qA|Eae8,bhvx:1_QHqGBZSx24AAA2XT,bhvx:1_0nj8WKkp31EAAATB
bhvx:1_chJX2naGjgMAAB9A,bhvx:1_kmaHZ3m9z74AAAhV,qJrxUIqA|E381d,bhvx:1_BhBdRGq1/BgAABu5,bhvx:1_sRMEZLo9ICcAAEsS
bhvx:1_ndskqs4pUIMAAkrW,bhvx:1_VR7MJSALF2cAACE5,s68ozIqA|E307d,bhvx:1_0lgjv2BHJVAAAm//,bhvx:1_FyePlYMTPrAAAEOh
bhvx:1_00gk47tjHYsAAafG,bhvx:1_Q0y44g2cyS4AAAY4,lZYeGUqA|E1869,bhvx:1_hBWotAqvyQkAAHoi,bhvx:1_afyL7KCLpSUAABnd
bhvx:1_WBqmKxKT7YEAAANb,bhvx:1_GhIIuj2Guf0AAQqU,1gmD8oqA|E33b3,bhvx:1_Y4iXnsmyr3UAAARg,bhvx:1_/nfkreZwX0wAAERz
bhvx:1_snhlVspxYBwAAAQG,bhvx:1_5cgwpiktsBwAAHt7,SRwxKUqA|E34e2,bhvx:1_VLJFwnDY6sgAAAsQ,bhvx:1_iCk5/fNKfFAAAChP
bhvx:1_zOpVMaRb5f8AABhJ,bhvx:1_BOfi57bfMgEAAJeb,x34N9EqA|E2723,bhvx:1_pPDcuB6/zqQAAHef,bhvx:1_ZMdswI8RzP4AAB5v
bhvx:1_3wdiP/KiOMkAABX7,bhvx:1_YHtFNOadbLEAADNi,p8EZqYqA|E87d,bhvx:1_LbIv3Y7pSwoAABaP,bhvx:1_bMAD6VyAAR8AACIV
bhvx:1_lOkCiXFrWI8AAAS8,bhvx:1_Uq8EPCOTzi8AAGHx,pDnWAEqA|E3ff5,bhvx:1_ulKGgzKfla4AAEQd,bhvx:1_oJ9HMbOtmyQAADWC
bhvx:1_iZiNe9CJzpAAAAHC,bhvx:1_ZPrYZ37qjCcAALoF,fhYaMEqA|Ede6,bhvx:1_HyXYkCPupTAAAn6+,bhvx:1_PbEB6R68uVEAACdF
bhvx:1_RGcH3Yzr7QAAABqb,bhvx:1_QKOEWK4LQ/kAAEfB,YW62QUqA|E3a2e,bhvx:1_NnEExeLJSbsACG3U,bhvx:1_oXqtXU5LDJUAABmv
bhvx:1_kFWKfTFXbJgAANbJ,bhvx:1_e/0BTCgj9UMAABTC,edHdE4qA|E1ef6,bhvx:1_MlqSgRJJ4gMAAATu,bhvx:1_Qn/cMkACTlQAADSW
bhvx:1_x0uFEtfxQWQAAcFF,bhvx:1_yZqdrDS8P0YAAApk,rymciwqA|E2ffd,bhvx:1_U6nxlt5hUV0AAAUl,bhvx:1_1y5QEB++WBIAABKj
bhvx:1_eooLKKcOeWYAABsL,bhvx:1_XL+UK7+GdwQAAB5+,6hfxoYqA|E219f,bhvx:1_0NiqhnSYCx8AAe2Z,bhvx:1_ngyw84dwYasAABNr
bhvx:1_dPknOwPg8ocAADVD,bhvx:1_liuMdO7e0hwAABdv,hNP/v4qA|E3701,bhvx:1_09rsfNM0towAAG8F,bhvx:1_kfLVJjFkefoAAGpk
bhvx:1_hSVSE2oyQv0AADFp,bhvx:1_x45QDJceWEMAAICu,qiy6AYqA|E1ddd,bhvx:1_0cs7o71yj4UAAP+v,bhvx:1_nQeLzXdoDKUAAO3T
bhvx:1_0mLC47U9DBMAAAJI,bhvx:1_KIh2qkJ8+L4AAEaw,R+2IrYqA|Efc2,bhvx:1_gYkPXaSfL4wAAAbs,bhvx:1_h76+fiHzexAAABWZ
bhvx:1_ECB5Y9mrDYIAAAoq,bhvx:1_Tfb/gpSyCgMAEtbq,3Ny28pqA|E12a3,bhvx:1_9YvXonCK/GwAAKlf,bhvx:1_4Rp9+fg/2VsAAAev
bhvx:1_TNcGz5y+HF0AAAJH,bhvx:1_SDm6bjH7VXAAABVp,HPuTekqA|E1088,bhvx:1_sEyaXK4HXlIAAAVW,bhvx:1_ZwBV7L4fFXYAABYh
bhvx:1_8zJmB5rEJu8AAAYj,bhvx:1_zRLrWcSr87oAAAa9,4jpvqEqA|E36ef,bhvx:1_mf0wxbbOEuUAAXr8,bhvx:1_U3DWFJd/P4kAADf5
bhvx:1_/D0S9aQbrEYAACKZ,bhvx:1_DJRycXD1o4UAABAH,pa04SwqA|Ecfd,bhvx:1_ZFDedy2wm6gAAAMD,bhvx:1_ciG4b55RiuQAEsa7
bhvx:1_R9EZ2rW4OUUAAftx,bhvx:1_x6OR/9nD1hAAAAuQ,jp3Oo4qA|E1529,bhvx:1_8Gc8rf5jSnwAAATO,bhvx:1_pKJRUYaGyMIAACdW
bhvx:1_tej4HR3ewQYAAAar,bhvx:1_zje70UGfOZoAAGU5,NrzlDIqA|E1cbc,bhvx:1_dbPy/KYJlGQAAHds,bhvx:1_M5DF3gO1OoUAC9NU
bhvx:1_LE+X5cKDCl0AAALn,bhvx:1_CGcOgMCFv50AAObf,hybj6IqA|E1c29,bhvx:1_4YdMzDhER4kAAAW0,bhvx:1_aVJdFFtlyogAB39a
bhvx:1_5ysZmoF4vsQAAcsH,bhvx:1_6J3NSeOBl/cAAAHu,0VpqukqA|E3c33,bhvx:1_sQSlnUk3PQwAFPA3,bhvx:1_ASJVGJOnX1cAAEkz
bhvx:1_RVYOkZJnHn0AAAHH,bhvx:1_W0rJ1+b3Ju0AAAdj,WUMsjYqA|E21e2,bhvx:1_OOeGNWRkslIAAGMf,bhvx:1_NXEHZrkW5IkAACHJ
bhvx:1_zBJbgFXBcwYAAC7W,bhvx:1_1HYC0KWFEgcAAHXD,7Y8KGUqA|E25a7,bhvx:1_aVJdFFtlyogAB39a,bhvx:1_55NoOdBEtFgAAH9A
bhvx:1_K2iiVn5mdaUAAzzk,bhvx:1_wRTt1lRWnl0AAAPW,T96T2EqA|Ed12,bhvx:1_OUcLF5OCsLwAAC5b,bhvx:1_zVo2BYRELgoAADMr
bhvx:1_cZhp9YP7O3IAAAG7,bhvx:1_NpSaegHIIEIAAAuR,AHNqnIqA|E1320,bhvx:1_7flgGg2vs7MAACdt,bhvx:1_cGifDb+0ZyUAABTF
bhvx:1_cs3wDoYHA4UAABX+,bhvx:1_rgo3CWMQmeUAAAdU,1UZeJoqA|E36b3,bhvx:1_yT4ub5C8NLgAAeij,bhvx:1_Ly9FZBZGfGAAAi4l
bhvx:1_QZ/2Pr2gnCkAAAXk,bhvx:1_4Z9rTIBgbW0AADrC,KMycpkqA|E30cc,bhvx:1_mjxIcXX8NeEAAAe8,bhvx:1_mRvk66RTl5cAABzH
bhvx:1_7LyNsU7qJcUAAeea,bhvx:1_Brs4JQs/DSMAAAud,Ur6lKIqA|E1da2,bhvx:1_GMNEOFEX6Q4AFdem,bhvx:1_Hbdb/FLQhjwAABbM
bhvx:1_+OQYEMK8gmEAAcL8,bhvx:1_KdyCtWfDYG0AACzk,EKsb9EqA|E2528,bhvx:1_nXle3dzpK9oAAEBo,bhvx:1_mDfNxoIa8ysAAAH2
bhvx:1_NGNHg6PksakAAafB,bhvx:1_wri4BjXYELMAABvQ,r4NpjEqA|E395d,bhvx:1_BBu7/Wj4mvIAAB+/,bhvx:1_gy61VRKvna4AAAkL
bhvx:1_PnK+Ohi1PFQAAB5g,bhvx:1_kVOnkRAHKewAADPZ,UVsgfIqA|E1c42,bhvx:1_cWu/HsBCag0AAAgh,bhvx:1_nMFb8TeRafgAACEC
bhvx:1_NgVAxXcMP3IAABe5,bhvx:1_g5PsFyQQNHIAAAUz,XcwhHIqA|E3612,bhvx:1_OO5jEZcFfd8AAASb,bhvx:1_VF4kTM05gSsAABiQ
bhvx:1_pci6KknWqggAAAJx,bhvx:1_GOvFYWk1qp8AAAIF,oohLgUqA|E3a2d,bhvx:1_mDfNxoIa8ysAAAH2,bhvx:1_eQKb1W033JMAACpk
bhvx:1_4tdA5Bp/vj4AAGHL,bhvx:1_nKKnulen/QMAABlc,M8PwiIqA|E38fc,bhvx:1_eVHXF67tQHgAAAST,bhvx:1_pmJiyfBdzRYAAw4X
bhvx:1_F7THGQiCbg8ACfWQ,bhvx:1_f3W0azGk33sAAAbg,dqG4kwqA|E38ee,bhvx:1_7PspAAnJl1UAACny,bhvx:1_Do4YWTlc3xcAA9mG
bhvx:1_CTl8rbQa/W4AACdA,bhvx:1_u6R1EL6kjMwAACrO,vWadswqA|E2bbd,bhvx:1_9hpjNinShK4ABmjr,bhvx:1_uAq2g5CzYKQAADw7
bhvx:1_9KQyYC6r2YUAAFiU,bhvx:1_Zxyddr2ch7AAAAru,ETCx7wqA|E3518,bhvx:1_Q0y44g2cyS4AAAY4,bhvx:1_0YjqT4HhkiUAABlG
bhvx:1_7Hcsd1dbn2QAAAYi,bhvx:1_ZiC2iilYidUAAIvb,mOZ56EqA|E2f41,bhvx:1_GhIIuj2Guf0AAQqU,bhvx:1_8Uz7pHe6d2gAAAGj
bhvx:1_APBYj6ZGt88AAAZk,bhvx:1_pDFl8rPWMMQAAHeK,QAzCiwqA|E1a92,bhvx:1_ZTam/ZaDKuAAAAi1,bhvx:1_YnwnfLOUIv4AAAlp
bhvx:1_twfN0RUc/vAAANgr,bhvx:1_Os8lKBozMH0AAARl,gTQ/iYqA|E2d11,bhvx:1_wVpS5kv5TO0AAHUC,bhvx:1_69vvlKLOc78AACM3
bhvx:1_ETwTdsKfIQMACe72,bhvx:1_c3l3nZnjoAIAAAjp,RKOZVYqA|Eb82,bhvx:1_lRLwkoWRWjkAAAia,bhvx:1_QxiWX54VF48AABhJ
bhvx:1_9EJcNmdf/WsAAAnt,bhvx:1_jTJdNdMe0nYAABcl,9dcoUIqA|E3a77,bhvx:1_eQKb1W033JMAACpk,bhvx:1_b1/iOsUFk00AAKJg
bhvx:1_6Z5gIth9kGEAAAL9,bhvx:1_WH6XCoJ8uq4AAAnu,TpfRpYqA|E21d2,bhvx:1_BOfi57bfMgEAAJeb,bhvx:1_S67mm1sayN0AAAGl
bhvx:1_hSFu41wcjyAAAHuE,bhvx:1_QFAKWs3/uAIAAALb,gW96AYqA|E3259,bhvx:1_P6AJIIFNAEkAAC5n,bhvx:1_SMje/04jIH8AACdb
bhvx:1_HstK7sUKHXoAABaL,bhvx:1_wNrLXG7ECukAAAw0,E7PzpkqA|Eda8,bhvx:1_W6rINbDNKAAAAAMA,bhvx:1_vC+BuCrRHGsAC4XV
bhvx:1_/i2NjqoEw7kAAEXY,bhvx:1_Gh29aGA23GgAAAdO,oUN2XwqA|E2bcd,bhvx:1_bNVbmuNllmUAABi0,bhvx:1_YHtFNOadbLEAADNi
bhvx:1_+5U4ubwjKUkACWJ9,bhvx:1_CCIz6Iie47MAABo3,ws0DnEqA|E1fe3,bhvx:1_hpbgq7mcEIYAAA46,bhvx:1_tGIZmMwIHCEAAATT
bhvx:1_zX3CLLcxtt4AABCW,bhvx:1_pP4v/DF+6zUABZgl,a9J9nEqA|E3916,bhvx:1_h1YJpVg9EdYAABcF,bhvx:1_mtI+1x1/byoAAHAD
bhvx:1_cFwQwBcp4U0AAjKe,bhvx:1_9r+zeD8f7xwAAALY,osl0rIqA|E34f5,bhvx:1_xN50n7u0OyMAAAaA,bhvx:1_yxNuQeR+jXQAAAVi
bhvx:1_8QavBzTlVH4ABoCZ,bhvx:1_H9bgVS/Xw9wAAAiT,x6OWpYqA|Ed03,bhvx:1_r6dwhV7/YhsAAAOL,bhvx:1_ZPrYZ37qjCcAALoF
bhvx:1_AQU9zcEDHK0AAAYi,bhvx:1_lT7LOmQmBc4AAAXE,8eOrgUqA|E3757,bhvx:1_b1/iOsUFk00AAKJg,bhvx:1_VAHVhjMTeacAACNd
bhvx:1_HFK8Mo1BUDMAAkcF,bhvx:1_R7a/iVuDyeAAACcc,bGdLzYqA|E1ee6,bhvx:1_X2EmemAqyJQACe7c,bhvx:1_QKOEWK4LQ/kAAEfB
bhvx:1_Cl3tn0ytI3oAAe7L,bhvx:1_Sh00H2cJVgsAARhq,CGQmRoqA|E2c00,bhvx:1_YHtFNOadbLEAADNi,bhvx:1_yZqdrDS8P0YAAApk
bhvx:1_oLUAL122pzoAANz3,bhvx:1_QZJo/JZmPXIAABWI,hnESiEqA|E1299,bhvx:1_iG1PRT9K548AAAI+,bhvx:1_vdIqiH2FjA0AAEER
bhvx:1_UQsPleniVMUAABZD,bhvx:1_os6LpCPDsHMAAfAr,t5e03wqA|E1245,bhvx:1_ZPrYZ37qjCcAALoF,bhvx:1_5z6/usNRkpcAABjB
bhvx:1_Ly0K9U3HwSgAACM1,bhvx:1_snc5mLbI0H0AABIg,LfjThEqA|E3714,bhvx:1_QKOEWK4LQ/kAAEfB,bhvx:1_cnCk70QfZIwAAAHT
bhvx:1_4e3eD1WdoZwAANtz,bhvx:1_8Wt0cr69HAQAABww,6MPkukqA|E32b7,bhvx:1_RpUvbVFpdaUAAA+e,bhvx:1_DJRycXD1o4UAABAH
bhvx:1_lOR8TL5u5EsAACwH,bhvx:1_GJh7VVtDNncAAFok,z2q51wqA|E1213,bhvx:1_x45QDJceWEMAAICu,bhvx:1_QLE0PwlAzjAAAFPn
bhvx:1_DWKHe/lUOrAAAAOk,bhvx:1_75prINLlGoAAAIyN,feEciwqA|E304e,bhvx:1_P50nHOtfydsAAAWV,bhvx:1_zje70UGfOZoAAGU5
bhvx:1_LIR09xIwLbIAAAPP,bhvx:1_4ud3R4cR+4kAAB3d,ixBXfEqA|E2f59,bhvx:1_Tfb/gpSyCgMAEtbq,bhvx:1_xFALwFwCCQUAABIa
bhvx:1_fEqhkjprAiMAAkZU,bhvx:1_9yPImpst+I4AAAM5,bLJZ8UqA|E1866,bhvx:1_zQpMBBptjCsAAARW,bhvx:1_UTzXBDiAD5AAAAiN
bhvx:1_KNZgW+DTRKoAAAWd,bhvx:1_AiEtGpmQAD4AAD5i,vEh1CYqA|E6fd,bhvx:1_gDESYqADbk4AAAdo,bhvx:1_c9IF+OG3ynAAAAHW
bhvx:1_1Y0Yu2qc9R4AACys,bhvx:1_rRIj2TRiVE0AACS1,boiLiYqA|Ea06,bhvx:1_zRLrWcSr87oAAAa9,bhvx:1_W0rJ1+b3Ju0AAAdj
bhvx:1_Lg8QVEQvAncAAAYf,bhvx:1_gVJMpuwJAl0AAEX+,IjjGvIqA|E33ac,bhvx:1_Jqu57xs9RNMAAAVC,bhvx:1_3hu5xl78Fk4AABAn
bhvx:1_xjFXB8X4KPgAAAqs,bhvx:1_z55M5Vsn/MQAABfT,0pO4rYqA|Eb6b,bhvx:1_0ATcdCRFte8AAHa1,bhvx:1_1bSbeJ/W5lgAAAKF
bhvx:1_pvI+uqk9hwIAACr2,bhvx:1_4aYGUTbinRcAAAUL,yRVVU4qA|E1233,bhvx:1_UTzXBDiAD5AAAAiN,bhvx:1_lSoKKtA8O2AAAAGy
bhvx:1_+Y6YMhYDCqoAACsM,bhvx:1_B0wyxwvv52IAABIp,PMCuhoqA|E33bc,bhvx:1_WCP4YZQ9+H4AAAgf,bhvx:1_NpSaegHIIEIAAAuR
bhvx:1_xZ1dQAQKS1oAAAG2,bhvx:1_gPzNuq5ny6oAABt+,rr9+84qA|Ef2d,bhvx:1_j4BEFQbkZN4AAAVI,bhvx:1_3sHDFB5FENMAAEYL
bhvx:1_b5hIuHuJ2bQAAAiN,bhvx:1_OmFPJ7PfadMAAAXP,RX6OXwqA|E1d12,bhvx:1_nxMbyI8CCHYAASgg,bhvx:1_uYeW+ctnDmcAADvx
bhvx:1_qjZRF6VDkd4AAksZ,bhvx:1_mSihjNo7uIYAACSy,bhtEU4qA|E1f56,bhvx:1_zpANsiytZmEAAA7x,bhvx:1_Je8RfcnVo3EAABC0
bhvx:1_Db1u3OHpioQAADhl,bhvx:1_3KhkoVhdvigAAAG4,RLox7YqA|E3f22,bhvx:1_V7DYwgilEmsAAG0Y,bhvx:1_hOigWvoURNYAAAwY
bhvx:1_gpeuxUcWqAEAAHU8,bhvx:1_aKeh8hvhuhEAAAF5,Gz6CJkqA|Ed78,bhvx:1_EO+OHr9+VCYAAAbL,bhvx:1_kVOnkRAHKewAADPZ
bhvx:1_BY0FbtCp40gAAAL9,bhvx:1_/F/yMTjkssoAAEiV,AzjW6oqA|E2bf8,bhvx:1_v1q8cINVIHwAACe4,bhvx:1_hZhDuWxopgsAACTO
bhvx:1_3X3UMDULqoIAAB2B,bhvx:1_tmBQFMGkFgkABLhY,ZQaJrwqA|E3226,bhvx:1_3hu5xl78Fk4AABAn,bhvx:1_Q701iMzmhZgAABGN
bhvx:1_QNO7ygWfnnMAAGef,bhvx:1_nFh+9bD3ROoAACj0,Ailc/IqA|Ed48,bhvx:1_KG7Zztt8CaEAAAWW,bhvx:1_j8DrdA7s1V8AAAp9
bhvx:1_zItDUBmmEgkAADPR,bhvx:1_8Qr5I4XhZz8AAAHp,7tak1YqA|E36cf,bhvx:1_5Flckmp7ucEAAAhZ,bhvx:1_sZQVMD2hE4wAABE/
bhvx:1_HK5kcGsJqPoAAC/d,bhvx:1_1MhVwg8IYeoAACSj,1ftBsEqA|Eaeb,bhvx:1_lmueLwEpvfMAAHVE,bhvx:1_3zChKwiQ8RIAAE55
bhvx:1_5aH4LubKJyEAAA7f,bhvx:1_9EmLnW/PqMQAAPj8,uNfv6kqA|E346d,bhvx:1_1HYC0KWFEgcAAHXD,bhvx:1_CEh9akdVu58AAL/o
bhvx:1_WitzqE2G7qAAABr/,bhvx:1_M6svUIiUZWgAACwS,RdMt4YqA|E1d62,bhvx:1_rgo3CWMQmeUAAAdU,bhvx:1_nKKnulen/QMAABlc
bhvx:1_LgHLXxMXHDoAACXM,bhvx:1_Z5o5ycyM7wEAABP1,mu1aREqA|E11d9,bhvx:1_z4sZ6IXmM98AAF0e,bhvx:1_f3W0azGk33sAAAbg
bhvx:1_nfYPqvY6iHEACiQZ,bhvx:1_Nm07EZyH8uoAABEw,7pxG8pqA|E152f,bhvx:1_3sHDFB5FENMAAEYL,bhvx:1_ljoTMIt9qU0AABMs
bhvx:1_aXfF1Qb81OcAAA+h,bhvx:1_hcDMpNo4FzwAAGGs,ZolqRkqA|E38c6,bhvx:1_mz78Ed3cbCoAAAfc,bhvx:1_T0Zm4XVoKW8AAIgA
bhvx:1_r+CWCMs3kV4AAAlQ,bhvx:1_0bTWJiR8VsMAAAzk,IrKdOoqA|E3ccc,bhvx:1_CN1LT0dHznoAAAHg,bhvx:1_TzDsjdo4oRIAAA26
bhvx:1_gJAl8Tw+FI0AABnA,bhvx:1_V2LBfzp+N5gAAB39,8o0VOYqA|E1ecf,bhvx:1_yOfN1uKIXN4AAIh8,bhvx:1_THAla0n1epoAABY+
bhvx:1_CxRBPG9MBysAAAtt,bhvx:1_c6F1fCLrPxQAAALq,NGnVVEqA|E3f5c,bhvx:1_fYxH2CEFcCUAABFY,bhvx:1_7fuZZDUi0jAAAKw6
bhvx:1_XLm/oKsVY00AABo6,bhvx:1_WgcemRbKhLcAAJqO,Adc7mkqA|E30c0,bhvx:1_9ZToHaHjvoUAACFW,bhvx:1_GV54nv/dz+YAAAkk
bhvx:1_jDluwdlj85UAAAku,bhvx:1_1xIyD8FQS4kAAAu4,+CFSOoqA|E1bc7,bhvx:1_zLCFRkXkHJcABrU+,bhvx:1_Gh29aGA23GgAAAdO
bhvx:1_wiOCFhxgxHMAAf+g,bhvx:1_AH2Phq5m46cAABZY,M7XT84qA|E129c,bhvx:1_aZZaA1kwQMQAAIGo,bhvx:1_CCIz6Iie47MAABo3
bhvx:1_A8wsNwTGRCAAAASR,bhvx:1_JzLSuVmVXWYAAAI+,SMVVxoqA|E36b2,bhvx:1_g5PsFyQQNHIAAAUz,bhvx:1_bygrpAaSVFUAAFAv
bhvx:1_Lk4rSSh68PsAABGP,bhvx:1_hcRKEmckvbEAAALD,AsWYwYqA|E2030,bhvx:1_lg889N31ikoABJ6g,bhvx:1_LCN2/8Br/F4AABRS
bhvx:1_ZuSMS7MHXtMAAD58,bhvx:1_i1vpWDF67g8AAAxS,NqyscwqA|E32ec,bhvx:1_Zxyddr2ch7AAAAru,bhvx:1_lT7LOmQmBc4AAAXE
bhvx:1_OUcLF5OCsLwAAC5b,bhvx:1_CtxcKrnJj9wAABPL,7yu2KwqA|E2bb7,bhvx:1_pDFl8rPWMMQAAHeK,bhvx:1_R7a/iVuDyeAAACcc
bhvx:1_mqxsWP+6BPAAAAY3,bhvx:1_iswLJ07oNtYAAAnU,HkV4pkqA|E38c8,bhvx:1_TzDsjdo4oRIAAA26,bhvx:1_38Gtt0qBgVEAACZ0
bhvx:1_kOBMG0Q0spEAAAsH,bhvx:1_XLdsoDol5SQAAN8Z,sf4iWkqA|E15d5,bhvx:1_UQv3jE/I7scACbrF,bhvx:1_q72AUXq6XEwAAA1a
bhvx:1_sILn187onoEAAHwB,bhvx:1_AbkGxQ+d1lMAAA3h,oHT0hIqA|E3235,bhvx:1_c3l3nZnjoAIAAAjp,bhvx:1_nuxiPFoo7+YAAAGo
bhvx:1_CbaM5dSmHqgAAA4H,bhvx:1_oM4b65yqg/MAABd0,Z60AQYqA|E1ce6,bhvx:1_l6/I4bpqZo8ACG6R,bhvx:1_Sh00H2cJVgsAARhq
bhvx:1_iDkoJZG2mwwAAGhD,bhvx:1_eQXWwYdf6yEAACj9,u3GWA4qA|E2f2d,bhvx:1_DuRhB+V8TTYAAAa8,bhvx:1_dbEF2Xj+ZlkAAEMU
bhvx:1_pePTHYp/XoUAAAdQ,bhvx:1_Qlw5n7g8SzwAAmgn,f8760EqA|E1f66,bhvx:1_wNrLXG7ECukAAAw0,bhvx:1_DUZ7HH9KTlAAACaO
bhvx:1_sUbQLWewg1MAAAZ5,bhvx:1_at6+qYcIPPsAAAax,n+WuqkqA|E3b11,bhvx:1_CCIz6Iie47MAABo3,bhvx:1_z3LgEzdSApoAACWM
bhvx:1_pMyf4Evi6pAAAH9w,bhvx:1_v6AOJk/xkj4AAALU,ZAzOwYqA|E36be,bhvx:1_ptwOwyi1OIIAAHdw,bhvx:1_vc4G7ExeaC8AAAGr
bhvx:1_D1Mx1JMjYJIAAB2n,bhvx:1_2ZVywbXRtZsAAM3z,RI75wUqA|E34da,bhvx:1_KbVGM1jNchsAAJza,bhvx:1_BDjhU3S5+aQAAB4Y
bhvx:1_AsoXfMEWOhkAACYL,bhvx:1_a0+hYGQgSMkAAHf4,53Ko8IqA|E1d17,bhvx:1_uDk7UMAm5/0ABY4q,bhvx:1_4ud3R4cR+4kAAB3d
bhvx:1_cPpieiWhoygAAC/O,bhvx:1_jzfOvCmlgewAACIq,avNllkqA|E12ae,bhvx:1_H9bgVS/Xw9wAAAiT,bhvx:1_r7Qwn3cfAxwAAB72
bhvx:1_9s51YYXuezMAAAjR,bhvx:1_6B+Bkajhd6EAAHBN,C9onWYqA|E3988,bhvx:1_E30UPW4miZIAAAWI,bhvx:1_8DDUtBXAvRkAAH+e
bhvx:1_MrX2PYw/keoAABqu,bhvx:1_xZquMXMEhIYAAHr5,oLz1iYqA|E1ed,bhvx:1_bRvqHOaZ9YkAAC+W,bhvx:1_weSH2tlNfWEAAEdJ
bhvx:1_fdp0gAEpwQ8AAAJO,bhvx:1_Q8YaUpKsj8UAAAFz,1K0N3EqA|E38ab,bhvx:1_87YmHZTpC4AAAAMe,bhvx:1_bqcFuP/8u3cAAYEe
bhvx:1_lDC59zBXTYgAAAKG,bhvx:1_725l+53Cna0AAAIV,sSKYY4qA|E2115,bhvx:1_CCWgTgMwMyUAAF8/,bhvx:1_bHyIsO3ajj0AABdb
bhvx:1_fQUESlW1/EgAAARi,bhvx:1_tGAjsizHKlQAAAQs,U4WIOEqA|Ee2a,bhvx:1_os6LpCPDsHMAAfAr,bhvx:1_xQlDdB9KyaUAACT7
bhvx:1_mfGRB5dfmMYAAAtv,bhvx:1_NGNHg6PksakAAafB,4dpJCIqA|E131f,bhvx:1_8Wt0cr69HAQAABww,bhvx:1_04GLKPd47koAAAYd
bhvx:1_86sVRS/1zCEAAAH+,bhvx:1_xyvhi/ha/YEAAAMU,w8Gi3oqA|E1b7b,bhvx:1_zGg9VAgtsJ0AAALC,bhvx:1_W8pjkXRZ8WwAAF2w
bhvx:1_s7Hbn6STF5sAAAxs,bhvx:1_SGN69CggjZoAAAUI,CB0+WIqA|E2eb0,bhvx:1_WQ5gMPKMDfAAAF63,bhvx:1_A/XBxjXVjbsAAAaW
bhvx:1_+F6b7ChGWGoAAptZ,bhvx:1_FkcMiez6YvgAAAI4,0onyP4qA|E3d6b,bhvx:1_4ud3R4cR+4kAAB3d,bhvx:1_3KhkoVhdvigAAAG4
bhvx:1_5Xd596NbycYAAA2r,bhvx:1_1AsUZo7RElAAABAX,ZMHPiYqA|E3646,bhvx:1_agFEjOCkXYIAA3Vb,bhvx:1_aKeh8hvhuhEAAAF5
bhvx:1_3oaliQkeYKwAAAXl,bhvx:1_93CUALd5OvwAABMP,+PtNqoqA|E3d17,bhvx:1_9yPImpst+I4AAAM5,bhvx:1_q2R/hFOBPyQAAAnQ
bhvx:1_3D+W2Zucy2gAADPm,bhvx:1_mfZhpD77UI8AAAXS,vaS94UqA|E375d,bhvx:1_bWFZYHT024YAAAWc,bhvx:1_/F/yMTjkssoAAEiV
bhvx:1_qQW6dg5LybkAAC/b,bhvx:1_H4l9/r+0toQAABnu,GCZeSEqA|Eb88,bhvx:1_gVJMpuwJAl0AAEX+,bhvx:1_n2y9VoEk4XEAABhN
bhvx:1_mzq3kcGCd64AAICc,bhvx:1_km5Vovriqi4AAAVh,Uc0xDkqA|E1862,bhvx:1_LIR09xIwLbIAAAPP,bhvx:1_nFh+9bD3ROoAACj0
bhvx:1_RcL9hxoitWwAABiO,bhvx:1_A583dNLTpacAAAXa,90t+oYqA|E36bf,bhvx:1_GkJloGP0fmcAAAR6,bhvx:1_CeK02YR3tyYAABgF
bhvx:1_DzOZSzTMXs8AAAun,bhvx:1_UAJXjUuMQ2kAAAhM,VGTDckqA|E27ca,bhvx:1_YTJ5cVmx5QAAABxK,bhvx:1_1MhVwg8IYeoAACSj
bhvx:1_c6Gt0KIbiWYADRjU,bhvx:1_kbcBjfI3zdkAACmC,09BSsYqA|E3643,bhvx:1_KFW9M/RCm64AALIF,bhvx:1_7rZMzl1KvIkAABio
bhvx:1_1TyKo7NX9C8AAC/X,bhvx:1_w0TmBvC5yjYAAQNN,eGDOY4qA|E2216,bhvx:1_GKrbmvY7O78AAAr+,bhvx:1_Nm07EZyH8uoAABEw
bhvx:1_LAOXNnfrU9sACD2Q,bhvx:1_CKk3AVRS8/YAAOlH,5cDOKwqA|E3217,bhvx:1_O7GbeThfIwsAAAO5,bhvx:1_X1vbBVxjRPUAAGIa
bhvx:1_0NynRwDi1RkAAHx6,bhvx:1_zIHQJ/4sWy4AALQf,oGYDKIqA|E1005,bhvx:1_vDi6ufeP0MQAAA0E,bhvx:1_y9HDFUOQRPUAAB7f
bhvx:1_oGyeYroB98EAAAuM,bhvx:1_oUFUou6JkvAAAEVR,wlwZmkqA|E1a03,bhvx:1_tmBQFMGkFgkABLhY,bhvx:1_AH2Phq5m46cAABZY
bhvx:1_QJZBzNqYpyMAACAH,bhvx:1_HjQhzzzkvzoAABUP,Bg4rboqA|E1dd8,bhvx:1_/6vPU5w/yX0AAAbo,bhvx:1_QE4IXxgJNPAAABaE
bhvx:1_JWC6T3wH1QcAAASQ,bhvx:1_7ON3bx2tFPIAACQj,StvxHIqA|E19f2,bhvx:1_1MhVwg8IYeoAACSj,bhvx:1_xxfkDDSN7DkAAEsO
bhvx:1_7DtvHPCpO4UAnR0e,bhvx:1_oiGb+5L7Y2AAABxg,H7hRCEqA|E27a0,bhvx:1_7rZMzl1KvIkAABio,bhvx:1_xPB1cHorOYgAACWd
bhvx:1_FYXyyCsOPoYAAAJ7,bhvx:1_GEPAzwYGG/IABFya,FT2NvYqA|E3998,bhvx:1_9EmLnW/PqMQAAPj8,bhvx:1_eFsS1j7jY3wAAN1H
bhvx:1_sCCO6NjKuy4AABO0,bhvx:1_uAg+lfML/E8AAFlq,ZTMJ0EqA|E2af6,bhvx:1_trto4XbLLfsAAulA,bhvx:1_Wp8zakRCPKEAABrR
bhvx:1_0c9PYuuPJxIAABkX,bhvx:1_0moIEBj6ENgAAAzI,F57yAoqA|E3348,bhvx:1_3BrcmmOEn8sAAAXq,bhvx:1_ADAKduF0XFoABL3Z
bhvx:1_i+obuA3AxuAAAJVr,bhvx:1_Yi+94UzGbqcAAAew,zS3o9YqA|E8b,bhvx:1_0bTWJiR8VsMAAAzk,bhvx:1_W1d3MZZ57+gAAA6S
bhvx:1_Gr+tsmdseGEAADTU,bhvx:1_MKEaA2cyibwAAQt0,l6NyT4qA|E2131,bhvx:1_WgcemRbKhLcAAJqO,bhvx:1_AbkGxQ+d1lMAAA3h
bhvx:1_RpUvbVFpdaUAAA+e,bhvx:1_MQz3AaqRy3QAAc/z,BZblwUqA|E3a30,bhvx:1_MhC8qPQKVIoAAALL,bhvx:1_Hq8CAC43pHwAADmO
bhvx:1_tAaxy68JOD8AACtd,bhvx:1_NsTHmi68AwsAABXv,8ocAREqA|E36f7,bhvx:1_Wp8zakRCPKEAABrR,bhvx:1_oQYk6A+mh2QAACR/
bhvx:1_dj9DUAjJ8kQAAApf,bhvx:1_UltQJLmmoWQAAEzG,y5pJ/wqA|E2a23,bhvx:1_i1vpWDF67g8AAAxS,bhvx:1_HeKOX/imY7IAAD4I
bhvx:1_8i62jsukEqMAAAVQ,bhvx:1_TyNCOdngQeEAABZJ,b4ftXwqA|E3066,bhvx:1_ADAKduF0XFoABL3Z,bhvx:1_Y9jAS4PI+M4AAA8o
bhvx:1_Bkqb6wgJlH8AAAfH,bhvx:1_cyaP7YNosFMAAAh7,CoO7awqA|E1210,bhvx:1_G7Wdo/m2QWsAAAJT,bhvx:1_Qlw5n7g8SzwAAmgn
bhvx:1_werpg0jlLegAAAIY,bhvx:1_dQCuE7UhtAoAAAs/,q8QTawqA|E3acd,bhvx:1_CfHmYRuXKycAAANf,bhvx:1_vQEUBwm+snAAAAXB
bhvx:1_8C7W4LLB764ALEDa,bhvx:1_3LCCPxEbkNAAAFSZ,yu9GjEqA|E34a3,bhvx:1_iswLJ07oNtYAAAnU,bhvx:1_KwLYjviHUs4AAArX
bhvx:1_ZyRUl8H8SRgAAArR,bhvx:1_z4koq7CXm1UAAAHh,vjWCAIqA|E2615,bhvx:1_jsOW6DnlIHUAAA4/,bhvx:1_iyUA9XIbZxMAADvs
bhvx:1_rJHnfWIuwpcAABe+,bhvx:1_o+ARjcYaa3EAABw7,7c9EMUqA|E3a37,bhvx:1_EUo60nRGMmgAANm2,bhvx:1_K7a+cj7dtpEAABuo
bhvx:1_Gyy1Sa8XOnkAAA7b,bhvx:1_72TsPM568sYAAANc,54TuokqA|E3467,bhvx:1_r4UT1s79LKEAAAMI,bhvx:1_EAq6zHuQuzoAAGQn
bhvx:1_OVI2+tDfWtkAAA1J,bhvx:1_9KQyYC6r2YUAAFiU,7EyWBoqA|E1dc7,bhvx:1_PQxFScerimUAAAMa,bhvx:1_s9g04Ahe34gAABhX
bhvx:1_AEVCs255BVgAACVC,bhvx:1_5iRtTYwr9SkAAUTi,Iv08HIqA|E3694,bhvx:1_MRFnAL4d098AAANW,bhvx:1_kS7IUc2v89MAAAeW
bhvx:1_EvKBI/uu320AAAK7,bhvx:1_91Nj8xIKxAgAA+VT,jOhfuIqA|E2eb1,bhvx:1_StJulj1+DtgAAARa,bhvx:1_6B+Bkajhd6EAAHBN
bhvx:1_oJYDpCQ66u0AAAQD,bhvx:1_09q6bSCPdqsAAAGy,WPpxvkqA|E30da,bhvx:1_KwLYjviHUs4AAArX,bhvx:1_gHAC5c7vzG4AAAbD
bhvx:1_XP2tS0QfjS8AAAsT,bhvx:1_F37x8kA3PAEAACpZ,4Ba1dYqA|E1e0f,bhvx:1_2ZVywbXRtZsAAM3z,bhvx:1_OnOtq/Lj5KEAAFC+
bhvx:1_tMun5eVW/wgAAAwp,bhvx:1_YGw0QENaqs0AApIx,NpkV3EqA|E3724,bhvx:1_kS7IUc2v89MAAAeW,bhvx:1_XZDjj5jLE2wABKNW
bhvx:1_Q5OGtsWELqMAAEZ2,bhvx:1_mMfquDcai4QAAHZh,HIpvawqA|Ed00,bhvx:1_Qe4FNgqdIpEAAaJt,bhvx:1_Z9LqdBKKTccAABYi
bhvx:1_+aejOpc8a44AABF5,bhvx:1_b9uhuOGEDR8AABYL,rZFXfEqA|E3725,bhvx:1_VrwZQxFrbfIAABB7,bhvx:1_uf80mIgwJm4AACRM
bhvx:1_yifPCspXapUAABWK,bhvx:1_oYulj6QZcRAAAPPl,AqBlekqA|E1240,bhvx:1_xiqfpBkp5n8AAA9m,bhvx:1_Njx6OGigRP0AAAWB
bhvx:1_tDyMM8BACjUAAAuy,bhvx:1_wSwKTOH7ncAAADsl,SWcbMwqA|Ecfa,bhvx:1_bLA90vUMkD4AAAUA,bhvx:1_l6lV1COLby8AABlY
bhvx:1_QghKKT6JtAUAAAJW,bhvx:1_i+k39EH8UhMAAAle,Pi5PjwqA|E13b4,bhvx:1_7tOLl4WjzyEAAAR4,bhvx:1_cjt5WvGa0DUAAu9/
bhvx:1_nc4XzzPl1pwAAAbF,bhvx:1_JnO42edNC4gAABGV,MNIJNEqA|E3294,bhvx:1_otRrvWltfM4AABJK,bhvx:1_8vZJGAs5AjEAAA1v
bhvx:1_n+D5tyJPw/8AAGrM,bhvx:1_ri8wkikqZzsAABD4,5nA3t4qA|E278f,bhvx:1_7CdkJZ7GYmUAAALb,bhvx:1_FUhlT6Bix/oAAE8j
bhvx:1_7jPBVl1RdLgAAANF,bhvx:1_dOKathC1WIMAAAos,trrI9oqA|E2a4d,bhvx:1_ZAfV2aaLbLYAABM6,bhvx:1_93CUALd5OvwAABMP
bhvx:1_ehRSqBhFIyMAAAso,bhvx:1_cAyTouUVuE0AAAGu,3uwvbwqA|E1d9b,bhvx:1_Vv7IKAXhlScAAGvx,bhvx:1_mfZhpD77UI8AAAXS
bhvx:1_Rtvkf7BnCTYAAClh,bhvx:1_Mn2ue2su7lwAAAdR,luFvdYqA|E2a69,bhvx:1_Jx/743Mga+kAAAWc,bhvx:1_CSXoXo/R2ekAAEhU
bhvx:1_x45QDJceWEMAAICu,bhvx:1_5QefhhBHoZoAAAWN,p2reeIqA|E3075,bhvx:1_e/QKEf351IwAAAVL,bhvx:1_/xulefU7R9MAAMNm
bhvx:1_xeIFzJ2tL1AAABAn,bhvx:1_b5hIuHuJ2bQAAAiN,e9pL6EqA|E370e,bhvx:1_NGNHg6PksakAAafB,bhvx:1_gVREObkcjbsAABKQ
bhvx:1_5nFQpycGQr4AAAX+,bhvx:1_XaJnOK1wF9gAAO8x,qvtN7wqA|E3065,bhvx:1_xyvhi/ha/YEAAAMU,bhvx:1_w0TmBvC5yjYAAQNN
bhvx:1_+FetABboCYAAAgdk,bhvx:1_+nHuIyIWMy0AABx0,paE0wYqA|E1ea5,bhvx:1_agcmoHyYOC8AAHaA,bhvx:1_2zxCP1PlvF0AAAhJ
bhvx:1_yTD+S+pR/IIAAAID,bhvx:1_emlImeHQOBIAFUp/,GpOz84qA|Ef30,bhvx:1_k8sE5Tj62FkAAA0h,bhvx:1_O+mLg3FWiiEAABq8
bhvx:1_OEbCvGTXe4QAAAzO,bhvx:1_51myoY68+OIAABJV,br3+nIqA|E19ee,bhvx:1_6cbBbrN/6CsAAGku,bhvx:1_wtJKYRvi5H4AAEcl
bhvx:1_+1OCEe5zW3YACe6P,bhvx:1_fIx51luf/UcAAALO,nGt4BIqA|E2d41,bhvx:1_JkbCJ/jy/JwAAH3/,bhvx:1_rVh8Y0hj+toAAAua
bhvx:1_BbHcIU9lPYoAACiK,bhvx:1_9PuilcNXJYcAABse,aYxWBYqA|E35fe,bhvx:1_6HPWeZcSCJoAAAbN,bhvx:1_oUFUou6JkvAAAEVR
bhvx:1_qMLmkEZMefEAAAz5,bhvx:1_AUb66y/66qsAAByV,ruZzXwqA|E3815,bhvx:1_XCbsVtOuxfIAAAJG,bhvx:1_lsDQfCQU8ysAACZz
bhvx:1_kvXIjdjdQFsAABCz,bhvx:1_tNlgnyCUSXoAAAIi,4kj+nYqA|E210f,bhvx:1_iVtVmot1toAAABI7,bhvx:1_UfTTDRxnLXQABJ4H
bhvx:1_+lx7DvZYGlgAACdK,bhvx:1_msZ4fx/Fy04AABCu,DIJ7/wqA|E2bd0,bhvx:1_trgXMSM63lEAAKsg,bhvx:1_++eh89Ga3QUAA75q
bhvx:1_bWb1pIcEgM0ABDGT,bhvx:1_VHVZ+Be2WWYAAAOf,DH1WikqA|E2740,bhvx:1_+wfSDdTqJHIACG5o,bhvx:1_oiGb+5L7Y2AAABxg
bhvx:1_8TSr7/9lqXUAAA0s,bhvx:1_vHuhm8ihAD8AAJEK,RiFkfkqA|E34d2,bhvx:1_w0TmBvC5yjYAAQNN,bhvx:1_N2p8OOwb29EAABEX
bhvx:1_YesywwvibJkAAo+b,bhvx:1_gD4W0J7TbXMAAAfH,TPnIyEqA|E370a,bhvx:1_CxRBPG9MBysAAAtt,bhvx:1_148g4qCyO0AABJzg
bhvx:1_esSOtlfmMy4AAAub,bhvx:1_QnMq6xlhiiIAAAHD,SRsHhwqA|E34fa,bhvx:1_vNcABraWTRoAEkGu,bhvx:1_ZwFLFg7QkxMAAAJr
bhvx:1_vrad003YT7kAABWH,bhvx:1_GeM90xq951IACGys,y/wHtwqA|E3acb,bhvx:1_Db1u3OHpioQAADhl,bhvx:1_8joaUG8nNY4AAEDo
bhvx:1_WSpI4QYMdeAAABzu,bhvx:1_tDvNcC5BUOUAADfX,3dSAo4qA|Efc3,bhvx:1_EA7kSduUGhgAAAdT,bhvx:1_0moIEBj6ENgAAAzI
bhvx:1_XxprbEvV8q0AABWU,bhvx:1_mfFt99EmoFcABPA3,epNaNYqA|Ee6e,bhvx:1_X6bv/6YdL9wAAF09,bhvx:1_OcFjIepKV7cAACU0
bhvx:1_3ePuwCHtvI8ADR6k,bhvx:1_FGVh+VRJ2twAADHQ,U4hKRwqA|E2a1a,bhvx:1_SSz16Xy0iDYAAAMN,bhvx:1_6eE3QZh5saEAAAmk
bhvx:1_+diua0arBAsAABNw,bhvx:1_jno8jsTBZcMAAAOr,qcQEZIqA|E33a5,bhvx:1_rVh8Y0hj+toAAAua,bhvx:1_ZjS2uw+lxxIAACFM
bhvx:1_MrAa3rrt97oAABIG,bhvx:1_FYXyyCsOPoYAAAJ7,hxCdBEqA|E3451,bhvx:1_aXfF1Qb81OcAAA+h,bhvx:1_k+xEdJZZ24MAAKyG
bhvx:1_Db1RdduwspkAAAub,bhvx:1_Dr5Vn8FmAM4ABNld,2K//akqA|E2743,bhvx:1_4iT5CLhn39YAAQLr,bhvx:1_MQz3AaqRy3QAAc/z
bhvx:1_xJtZbmrJGggAAHeG,bhvx:1_09JFvUOxI/cAAAxg,M5zknIqA|E1a6c,bhvx:1_KQIVOY988DIAALtf,bhvx:1_WJihp8A392gAAAVk
bhvx:1_jM1lZag2ES4AACI6,bhvx:1_ZHJzCqSyMHgAAFdU,u0HXUYqA|E36c5,bhvx:1_eYkYAvjxAnMAADEB,bhvx:1_RwZHCdL6GJ4AAAiU
bhvx:1_h0An5H5PxpQAAAQX,bhvx:1_CLGqINHgKtAAABdd,MNd7K4qA|E3d5c,bhvx:1_148g4qCyO0AABJzg,bhvx:1_TyNCOdngQeEAABZJ
bhvx:1_7h93B2YPQbgAAPsb,bhvx:1_+ENIjoLtP5IABYl0,bUxp0YqA|E3366,bhvx:1_slv8CzSRJ2cAAAz4,bhvx:1_ofempIWNcnAAACWg
bhvx:1_QoqfHGgQQuIAAHXa,bhvx:1_iJ3zRx91DLUAADxf,vfxEDwqA|E3225,bhvx:1_ZwFLFg7QkxMAAAJr,bhvx:1_5xSNgiWl/jkAACmw
bhvx:1_enZl9ztTDAoABJq0,bhvx:1_I6W3NC0f+YQAABBO,napXiEqA|E3709,bhvx:1_xjFXB8X4KPgAAAqs,bhvx:1_E8NzOz+SLF0AAA4h
bhvx:1_3mPe28LqicUAAALp,bhvx:1_wm4z6X6TOlIAAAMe,/ctZT4qA|Ead7,bhvx:1_drD+N6cAY0oAAKus,bhvx:1_weWAPaGADl8AACpB
bhvx:1_959Z62+yFaQAABE3,bhvx:1_jz2QsuDZKmAAAAk7,gwndKIqA|E1109,bhvx:1_MKEaA2cyibwAAQt0,bhvx:1_74kK6+H17MgAABaD
bhvx:1_hBWotAqvyQkAAHoi,bhvx:1_HQFsrqBbWLcAAEdv,3URE/kqA|E15db,bhvx:1_RSe/CYZIAvAAAAOn,bhvx:1_inP5+vPNDKsAQDgb
bhvx:1_zWq06A8yC0sACWk9,bhvx:1_fZzVvMExN/IAABPd,rQWtE4qA|E3eed,bhvx:1_MQz3AaqRy3QAAc/z,bhvx:1_00yfErIlRKIAABTy
bhvx:1_tGuGRz4Df/sAAB/y,bhvx:1_C76bcuubNboAAAe9,cPumNEqA|E2256,bhvx:1_RwZHCdL6GJ4AAAiU,bhvx:1_9KQyYC6r2YUAAFiU
bhvx:1_Hr4drwjV5KcAABLP,bhvx:1_h9mEAtOELmcAAA4c,gqqGJYqA|E1f39,bhvx:1_teIDhSS2o2AAAA36,bhvx:1_p7HKX1IpLYAAADyt
bhvx:1_+vq/MvlyqewAAAM/,bhvx:1_Cohj8IrRVIYAABqN,J2Hk6oqA|E2ecc,bhvx:1_7l+fobU9PwAAABWa,bhvx:1_fx8BkrJeIdQAAEOn
bhvx:1_9dbjYUi+AREAAAjn,bhvx:1_bmfF/DzLkewAAGrL,WYQW8kqA|E24f2,bhvx:1_hd8TiTXJbF4AAAM2,bhvx:1_ii5hknA8imMAAAvk
bhvx:1_khwHWJgap60AAO55,bhvx:1_MyKaImVBmP4AACdn,TkwEpkqA|E3a52,bhvx:1_UltQJLmmoWQAAEzG,bhvx:1_inEALq71bUUAADA3
bhvx:1_EccSdBMfJGEAABgr,bhvx:1_1IiuGFRrHikAAAcE,D1DP7kqA|Eaf0,bhvx:1_sSFAArpQT54AADQS,bhvx:1_Xpmuzr+YG/sAFUqG
bhvx:1_n1ONOmfXuxIAABE4,bhvx:1_xjPKCTCLyC4AAAmA,afP2XwqA|E3326,bhvx:1_5d46vL5/ZvUAACYJ,bhvx:1_KgNfP2dQ/poAAByr
bhvx:1_Qkc4XAEuEsgAAAMb,bhvx:1_cm9JOqqy7NQAAAdU,CyTVXIqA|E1cc0,bhvx:1_JfcJRQEAXnIAAAUc,bhvx:1_/E183M+VWpgAAA9H
bhvx:1_UUHEpOtqU2gAAA8Y,bhvx:1_PG0o/VgK8mkAABe/,oZ0XTwqA|E2d35,bhvx:1_BkfzCGXddrIAAAaS,bhvx:1_emz9B1+AtdQAAA8j
bhvx:1_/KfZPtiJpCAAABYj,bhvx:1_Dd/w70VfiAAAABZW,fz7oyEqA|E388e,bhvx:1_cohf6a+/7r4AABTH,bhvx:1_S2auZgZM6zwAABf3
bhvx:1_ZUS2Wfnj7EwAAAcQ,bhvx:1_kxEQorAF5uAAAAJg,MlrE0kqA|E372c,bhvx:1_XpuZ+qb/DHcAAEhf,bhvx:1_lWoeA1uvt9kAABrV
bhvx:1_6rYL05QPleMAAG3q,bhvx:1_gT0g6MPCY/UAF77V,PZ48JkqA|Ef84,bhvx:1_72TsPM568sYAAANc,bhvx:1_1WzdbkHA6iQAADf/
bhvx:1_fwbLn1mEJv8AAAmp,bhvx:1_OwlVJPlaM1kAAEUs,0izgkoqA|E355b,bhvx:1_9KQyYC6r2YUAAFiU,bhvx:1_i+k39EH8UhMAAAle
bhvx:1_y1jNXRSEOAQAAAzk,bhvx:1_owshzNeG9m8AAAnX,LKmdSkqA|E3b0c,bhvx:1_R+Zt0eHvC8sAAAG+,bhvx:1_JnO42edNC4gAABGV
bhvx:1_CWy/32KQShAAAAsw,bhvx:1_1DY/3EloOyIAAAr8,3kEQ4UqA|E3a33,bhvx:1_qevkUw1n4FUAAAMC,bhvx:1_ri8wkikqZzsAABD4
bhvx:1_UA0BkMkhcmYAACRv,bhvx:1_eBBGZjpXtAgAAAZU,AMV7QUqA|E16d8,bhvx:1_z3oJx2vlzdAAAAI4,bhvx:1_dOKathC1WIMAAAos
bhvx:1_40wasg8AuEsAAA0g,bhvx:1_7DLGrLavosMAAA6y,XGrMk4qA|Edfa,bhvx:1_YaG3oy13vP4AAAXn,bhvx:1_a53BXKbmEGIAACeH
bhvx:1_VQf+5OQrUA0AADYh,bhvx:1_HEiSLKMIElMAAAjf,rVUPI4qA|E1535,bhvx:1_peUY6HUXE+IAACO7,bhvx:1_OBlSFbpKf8wAAAMi
bhvx:1_UHxt1ZYat3UAACMS,bhvx:1_iCAW6LV8FSUAALLa,4cqYY4qA|E206f,bhvx:1_mgtAtz0eDiEAAg63,bhvx:1_TL1PfJWPUDIAABWX
bhvx:1_wLiHOyjRBjkAABHN,bhvx:1_RenVBj7pThIAAKjA,x4+kboqA|E2edb,bhvx:1_RzH4n9NjJy0AAAMG,bhvx:1_VaKHBwIigkQAACJa
bhvx:1_TxtEbNCJN9AAEEO4,bhvx:1_xbCaFTXV1osAABiQ,DlUgBkqA|E34f8,bhvx:1_zfJEdjxhdqIAAF0G,bhvx:1_Ye2DANhFUx8AAAmY
bhvx:1_gzmS1d7M7dMAABKT,bhvx:1_91BPXbjgkoMAAAQK,/vhXiYqA|E34f7,bhvx:1_I+qDZ56zOBEAAASe,bhvx:1_emlImeHQOBIAFUp/
bhvx:1_XMJk5a3s5QYAAA0M,bhvx:1_S5VqDKXIHiQAADbW,llMQc4qA|E2489,bhvx:1_3fLz3kdPErsAAKoZ,bhvx:1_RNb7uaFbHZwAA+z2
bhvx:1_1r5X35eA4CEAAA3m,bhvx:1_YTZEHKMrMbUAAAH6,kjx1YYqA|E20c9,bhvx:1_/XkrTeJdlF8AAA9c,bhvx:1_bNaF+1tXv7kAAAYZ
bhvx:1_BG5bnXSsCB8AABE7,bhvx:1_ljt57l1NTI8AAALu,z1tF4wqA|Ecfb,bhvx:1_jNunhDYtRigAAE6V,bhvx:1_JiYda4qM2dMAABk/
bhvx:1_msZ4fx/Fy04AABCu,bhvx:1_UQsPleniVMUAABZD,jKQ1mIqA|E1ad1,bhvx:1_Ly0K9U3HwSgAACM1,bhvx:1_uC4Igh5Zg0UAAC4D
bhvx:1_dds2LY3msL8AACo1,bhvx:1_WxS/I39/xO8AABuw,7IkehYqA|Efb7,bhvx:1_Ubi3Ru+k7jgAADft,bhvx:1_62FBgC5CgiwAABvl
bhvx:1_duuFQY0S4h4AAA4+,bhvx:1_6FYHUJy5n8IAAAcg,IGLTIkqA|E30b4,bhvx:1_j3CoLYg6vesAAQ7Y,bhvx:1_m9z+i3fOZIwAAE4S
bhvx:1_9sXFgb9PjcQAAAzB,bhvx:1_bwPapeLEBuQACiKV,JExA4UqA|E239c,bhvx:1_oYulj6QZcRAAAPPl,bhvx:1_MZ4L9jyH5y8AASD3
bhvx:1_yvfmIbz/y0cAAAmX,bhvx:1_DElKS5KlPzoAAAui,z3+63wqA|E12b3,bhvx:1_2pagdq5dqjAAAAVg,bhvx:1_12G9IqnkTXgAADQR
bhvx:1_tJ4dYBLh90AAACRV,bhvx:1_3VpZDhqZIEcAAAfL,FylEcUqA|Ebf8,bhvx:1_lWoeA1uvt9kAABrV,bhvx:1_tNlgnyCUSXoAAAIi
bhvx:1_j53yDmcWggQAAA1e,bhvx:1_IuPQa5vt7dkAABM/,T3AvRkqA|E227a,bhvx:1_Wl/Aw4bZGdEAADDl,bhvx:1_OsUgAET0HOcAABNe
bhvx:1_vMC6pgZN+IQAAAO2,bhvx:1_7yHtDBsON6MAABXC,I+Sp/wqA|E2d3c,bhvx:1_a53BXKbmEGIAACeH,bhvx:1_mfFt99EmoFcABPA3
bhvx:1_gc9vj6GUvWwATd2s,bhvx:1_nv3rzpsmEwwAAAIV,oCBzekqA|Eaed,bhvx:1_y7re29ErRzcAAB6s,bhvx:1_bb7fKa2g5u0AAEWo
bhvx:1_zRLrWcSr87oAAAa9,bhvx:1_YxYIZQwosZ0AADFb,CwoasoqA|E1c48,bhvx:1_0RrYV6px4SkAAA2y,bhvx:1_C19E6lmhuzQAAA38
bhvx:1_CiUhygysSLsAAAv8,bhvx:1_uoKqrh/Z31MAABAL,r9ZRd4qA|E223d,bhvx:1_5QefhhBHoZoAAAWN,bhvx:1_jno8jsTBZcMAAAOr
bhvx:1_uaUX0/V++24AAAuG,bhvx:1_J+CrV8PXfGAAAFQa,D6B3hoqA|E700,bhvx:1_ByPxAdShcZQAAAOk,bhvx:1_YjDfk+7PxwUAAAf9
bhvx:1_pK4thQ13lucAAA3A,bhvx:1_incRqmaHZ8MACe57,6LEnpYqA|Ee87,bhvx:1_Ye2DANhFUx8AAAmY,bhvx:1_VUNitrYtE/oAAAuI
bhvx:1_M52RPQfPZjQAAH1O,bhvx:1_8xw+sUr4hDsAABjs,BFokFoqA|E2188,bhvx:1_LQe7yQHMiSoAABjy,bhvx:1_Q6F33upu0zkAABsV
bhvx:1_anTqSvTcQp0AAQhi,bhvx:1_0PYASpeI6WQAAB3v,sfwo84qA|E3875,bhvx:1_ePM+6sCQqmAAAAKw,bhvx:1_2pXFrPFGCqYAAuzO
bhvx:1_woIRp0EQvjcAAC9N,bhvx:1_aWi/xsW3UMUAAA/P,WLfc+YqA|E20e2,bhvx:1_97FOse6+boAAAAao,bhvx:1_ssCnA5uxs2wABhbs
bhvx:1_gnanvo7rWO4AAA3Q,bhvx:1_ULPCnxtwFPgAABl9,GCQ1mIqA|E1da0,bhvx:1_SF9+GXAdaJcAAC7U,bhvx:1_Dr5Vn8FmAM4ABNld
bhvx:1_RMjcFrzzVPEAAAuX,bhvx:1_J+r+UVJNVJsAABo+,knAoT4qA|E4011,bhvx:1_bNaF+1tXv7kAAAYZ,bhvx:1_CLGqINHgKtAAABdd
bhvx:1_qL/B8aJ8l/QAAC9N,bhvx:1_Dwrf2loaVYQAAAPz,Z7oaw4qA|E2f2e,bhvx:1_xKoOUbR25gYAALen,bhvx:1_Ffr9cMN4FV4AAAxr
bhvx:1_ny41a1j7PnkAAH5m,bhvx:1_zSP2cv45qJ0AAAGb,Nyri6YqA|E1bfc,bhvx:1_+FetABboCYAAAgdk,bhvx:1_NInux2RobwkAAAzD
bhvx:1_SwzJAZiUVJQAAAv1,bhvx:1_sOp4UeRgJnoAACg6,rB9zNEqA|E2525,bhvx:1_uyu/vIstjF0AAEP7,bhvx:1_AHoSUuAN8wIAAD9T
bhvx:1_QwAL3yKpCiMACk6L,bhvx:1_Msz3cai73rUAAPSI,99f6vIqA|E2bef,bhvx:1_MZ4L9jyH5y8AASD3,bhvx:1_I8aiYPa0leMAAB+m
bhvx:1_pTy6hdh3jH0AAAKO,bhvx:1_5Dv9py+rm2IAAAKL,hZ7jakqA|E1919,bhvx:1_qwzvsDqzbF4AAOqa,bhvx:1_TeReuBvImlEAAC0h
bhvx:1_aq/wCYmTFI0AAATZ,bhvx:1_f0hb5MVDfqYAAAh4,YZSTJYqA|E1d76,bhvx:1_ENJsiv5fd74AABBf,bhvx:1_Oe8Tjto75jUAAD3t
bhvx:1_A/3GBNF59iEAADEl,bhvx:1_p80SIhuljikAAB4/,c0bv7kqA|E347e,bhvx:1_msZ4fx/Fy04AABCu,bhvx:1_mt1bqnaZYsYAADQ0
bhvx:1_7aAs/vF/HSEAAA29,bhvx:1_UuKdMnTxL7gAAAq0,TmSv1wqA|E305a,bhvx:1_JBolO1DVBK8ACG2c,bhvx:1_thRkg9vMuygAAAeW
bhvx:1_KPFHR3EqbPsAAHqn,bhvx:1_zzXUuCJkGiUAABED,oT0ZEUqA|E2f7d,bhvx:1_C7XhLdm1g0QAAANM,bhvx:1_RtGZjGvfOQMAAAyr
bhvx:1_k8wkco94eT8AAAmI,bhvx:1_MFiBP3X77R8AAAee,p2KtxEqA|E4185,bhvx:1_h4ba8Jw/7qAAAA9T,bhvx:1_AP8Pn1bTn80AAJjp
bhvx:1_HpbPS6fkR/sAAEvp,bhvx:1_1tg4pDEQV1cAAAaI,5JSXDwqA|E397f,bhvx:1_gD4W0J7TbXMAAAfH,bhvx:1_HQFsrqBbWLcAAEdv
bhvx:1_k4BZKP1zBzMAABqV,bhvx:1_TjAcyhvlA3MAAAos,lsGa3oqA|E3d31,bhvx:1_QnMq6xlhiiIAAAHD,bhvx:1_/JVIMsX4HYUAABXO
bhvx:1_MSclsl0ZlB8AAC70,bhvx:1_BF2pfuYhZGMAABAE,yze6o4qA|E12ab,bhvx:1_YkQrvJjKzg0AABQE,bhvx:1_AmaOubbsHRUAABak
bhvx:1_FQ7x0zeqHJoAAA0L,bhvx:1_0KoLVvA2lA8AAAkO,gpxtp4qA|E3089,bhvx:1_jno8jsTBZcMAAAOr,bhvx:1_qosPMH5YmIcAABkR
bhvx:1_hpbgq7mcEIYAAA46,bhvx:1_209zGWsa24cAAAmi,7GmPL4qA|E2f37,bhvx:1_09JFvUOxI/cAAAxg,bhvx:1_scJgXxMEVVIACH9m
bhvx:1_k/HJJ15AgyQAAMbv,bhvx:1_bFIr8H+CqNIAAAMD,8cKeykqA|E372f,bhvx:1_ZHJzCqSyMHgAAFdU,bhvx:1_yxju3Nn/lGAAAgxp
bhvx:1_BKTRsQQpWegAABht,bhvx:1_6wis+aBV4v8AABux,2gSTE4qA|E230b,bhvx:1_3aBlbj7s4m0AAAMS,bhvx:1_yInRlZhf1XkAAEsn
bhvx:1_pbDoeUbFKjYAAB3L,bhvx:1_+syMtzp/rDoAAIiA,5TCvhoqA|E2bff,bhvx:1_/XJxDONo64UAAAcG,bhvx:1_xjPKCTCLyC4AAAmA
bhvx:1_3v5nStTIPgQAAAHJ,bhvx:1_yGr4oYyn+O8AAAMC,SEsrZYqA|E2ef2,bhvx:1_d2eWRxcMs1oAAHTn,bhvx:1_Dd/w70VfiAAAABZW
bhvx:1_/tNKTi8ir4YAACsH,bhvx:1_XNuXf6z0c3QAAJxH,wH3vWIqA|E3073,bhvx:1_m6lOoAB9TYEAAAoE,bhvx:1_HuXhQXdEPI8AAh7i
bhvx:1_xf+S8sw7izMAAT//,bhvx:1_YV1mRY+ytT0AAbeo,sYLu3oqA|E3255,bhvx:1_wm4z6X6TOlIAAAMe,bhvx:1_7FE247b5/yMAAC76
bhvx:1_j7MM4nBZ4GEAAMMb,bhvx:1_jJ/8QD9eh18AABV1,5AowI4qA|Efc7,bhvx:1_AP8Pn1bTn80AAJjp,bhvx:1_nXza7Ium5IcAAFE4
bhvx:1_kqD2lSfnATIAAUP/,bhvx:1_5NwN+uxEzQ4AAShH,DYx+DYqA|E2ef8,bhvx:1_4Kd92RkJYKkAAERq,bhvx:1_bxb7dEbAyPMAABam
bhvx:1_kXcLZHXBw54AAAMO,bhvx:1_AEOAKIBj34sAACtB,MykZT4qA|E15d4,bhvx:1_c2bruMku1mgAANN7,bhvx:1_eBBGZjpXtAgAAAZU
bhvx:1_k8g85R4rhtUAAFG/,bhvx:1_ZPC/P//A5F8AAAP6,VfUsmwqA|E1c02,bhvx:1_90AQTVgRsokAAHj5,bhvx:1_5Wk0H3Z9THwABHIo
bhvx:1_wZYH/nlDNd0AADLk,bhvx:1_n6R5TOGeeLMAAB27,sQnJLEqA|E36fd,bhvx:1_HkyOH6w4hlsAAAdY,bhvx:1_xbCaFTXV1osAABiQ
bhvx:1_L2/rNnTy+soAADse,bhvx:1_WvuCP5RFkhEAACWY,q5vosUqA|E15dd,bhvx:1_PlEiAnYJU78AACKe,bhvx:1_jQKQYgxBAh4AAA2N
bhvx:1_MwroVLKoAGkAADvv,bhvx:1_Oz4saMOlXSMAAPMk,3VE/8IqA|E2d3b,bhvx:1_kHmDzzeViEMAAAOk,bhvx:1_OtSWIMaM+c4AAF0B
bhvx:1_J7zRwBgimfwAAB/I,bhvx:1_DLMXVHKf+LYAAAc2,mylKxkqA|E30c9,bhvx:1_wTH9876DQscAAHmC,bhvx:1_epIqz/ASY+EAAAja
bhvx:1_MwdAZUmFW6EAAA1+,bhvx:1_qemN1IF7DEEAAB5T,Yn32i4qA|E1fa6,bhvx:1_rdNMieR4teMAAAWz,bhvx:1_YTZEHKMrMbUAAAH6
bhvx:1_Rzz+hGdE5icAAUik,bhvx:1_ESDlZpw+520AAD1j,S/y+hYqA|E1302,bhvx:1_OwlVJPlaM1kAAEUs,bhvx:1_sVEqsDNw20cAAuoV
bhvx:1_d+RdivLpjc0AANm+,bhvx:1_pCPxCdK7gQsAABd9,OGbscIqA|E306c,bhvx:1_Bq4tG7dho5MAAAL8,bhvx:1_ptVOd3KMZMYAABQR
bhvx:1_UrGHpJnb6pQAAALK,bhvx:1_RaoUaYOfBOsAADGS,sJmlvkqA|E1a0d,bhvx:1_S1G8+eRIqAUADtGt,bhvx:1_VXQkhVQQl2oAClYc
bhvx:1_CAgU2Q7FVPcAA7b+,bhvx:1_BrSy27y9R4gAACI0,c6bXN4qA|E222e,bhvx:1_1DY/3EloOyIAAAr8,bhvx:1_gtpI6wJGYO4AABWV
bhvx:1_akolIbuukqUAAAl/,bhvx:1_vWsilG+NQh8AACGT,ju06eoqA|E3411,bhvx:1_kqFBtkWYqRsAABA/,bhvx:1_1TkjcfKFAuAACy6P
bhvx:1_jAzQfauQwHoAAM0r,bhvx:1_Ckrhk8JY14YAAEVC,uPTOBIqA|E110d,bhvx:1_HEiSLKMIElMAAAjf,bhvx:1_0BS4M+Fr7fQAAEIN
bhvx:1_Sf0WjzcewqQAABay,bhvx:1_VCtbw2uFX/sAACPE,3/VdnEqA|E3b03,bhvx:1_i4yTmQymLtAAAAL7,bhvx:1_RfmnHbmDiWAAACz1
bhvx:1_ETq62Wo+yZoAAAXM,bhvx:1_o2TPYyU/N6MAAAoW,,bhvx:1_xiqSx26B5MEAAOkM,bhvx:1_akzCEOm1x30AADn8
bhvx:1_jAhl4wIYamgAAMUM,bhvx:1_SNQvWfpvbHIAABb4,,bhvx:1_J1FpAiXUU5MAAAMI,bhvx:1_ap+fG6YJez8AAAlJ
bhvx:1_O1LRYBdxJeEAANh/,bhvx:1_81WVM1Ub6FUAAAi1,,bhvx:1_e33HKokvuVwAAAX6,bhvx:1_8xw+sUr4hDsAABjs
bhvx:1_EPaTQiDxQL8AAAtO,bhvx:1_/jwLrpENDBoAABK2,,bhvx:1_ljt57l1NTI8AAALu,bhvx:1_Dwrf2loaVYQAAAPz
bhvx:1_ETcCLP9cJGoAABiS,bhvx:1_P639szV4VaUAAB4u,,bhvx:1_e6Zva+cZ9qkAAKhL,bhvx:1_86tQxIECEOgAABUy
bhvx:1_RFq8LivO8fcAABV9,bhvx:1_axWphpvove4AAHaH,,bhvx:1_AXTBv3juuhAAACig,bhvx:1_d9BACb83CLUAAAd0
bhvx:1_uiT7eLgtjDEAAAwf,bhvx:1_bY3s7+s0segAAAL7,,bhvx:1_2NqLyUg5820AAFzR,bhvx:1_DTfn1yEvlAkAABXI
bhvx:1_OHm5tg5ffssAAAJR,bhvx:1_M5oPbr6CSQIAAAaG,,bhvx:1_pEO5oNZcrvQAAEPH,bhvx:1_1tg4pDEQV1cAAAaI
bhvx:1_ZSHDXA1lbQ0AAATZ,bhvx:1_BG0TV/9VITcAAI86,,bhvx:1_IuPQa5vt7dkAABM/,bhvx:1_AKCIFYjXzdIAAAGm
bhvx:1_rH2DSL7gvPIAAN4k,bhvx:1_YsfJ7xb7CEkAAAnA,,bhvx:1_nv3rzpsmEwwAAAIV,bhvx:1_HSyMxWLUScAAAC/Q
bhvx:1_cMpWuflrHbIAAB3S,bhvx:1_dtjNSGxtj7EAACQn,,bhvx:1_J+CrV8PXfGAAAFQa,bhvx:1_w+OseRnmi9oABJjA
bhvx:1_3NnWAuoj7YMAABi7,bhvx:1_IbaiURdBP/kAANI7,,bhvx:1_u6P2lXX+U2UAAHa6,bhvx:1_jt0ccylErhgAAARI
bhvx:1_rNz/aQO54e0AAA4J,bhvx:1_5iiAsQRPqTcAGH/T,,bhvx:1_Q6NI7GfX8r4AAeMp,bhvx:1_dNzufSdCHUwAADPV
bhvx:1_cxe+zytsHjwAAAMf,bhvx:1_nL0YOruRZ6UAABdX,,bhvx:1_NOImIQtMS/kAAAes,bhvx:1_+syMtzp/rDoAAIiA
bhvx:1_0wWKMxOAylYAAC9U,bhvx:1_/OzDPMdGvj0ABIgD,,bhvx:1_xtCiFsWGJ/oAAArj,bhvx:1_HrCtGW91TgcAAAGj
bhvx:1_UAjQSrT2q5gAAM+w,bhvx:1_gzmS1d7M7dMAABKT,,bhvx:1_YnRWX9jUMEAAAH+M,bhvx:1_ygsPyFdtNmEAAANt
bhvx:1_CYWpSep6t9wAABUl,bhvx:1_DK9y1ETfoKYAAEkn,,bhvx:1_sy5E7YprxyYAAQbw,bhvx:1_X/Toy/jBbRYAAA7C
bhvx:1_vhFJM/JkKFwAANh9,bhvx:1_2xzdiGw+Q3QAAHO3,,bhvx:1_TjAcyhvlA3MAAAos,bhvx:1_8DoTGDYbXjIAABrq
bhvx:1_cnIhTDscaNsAABM2,bhvx:1_vfNyRqz3xNIAAAiL,,bhvx:1_JWqcRQDtcCwAAFEd,bhvx:1_TYAGRQuARWcAACIp
bhvx:1_tg9EZ2Uz7zYAANS1,bhvx:1_layyonLGiTkAABzC,,bhvx:1_+Vu1X/8Io8wAAKlV,bhvx:1_qAH8KDnn1lEAAJx+
bhvx:1_2itEzr1zm/wAAAoe,bhvx:1_SrKof66GtlAAAGty,,bhvx:1_+7HFKR/E/cYAABLD,bhvx:1_uzFhvNtFvtkAACG+
bhvx:1_H3+M15UoiKYAABDh,bhvx:1_dIQRB9Oy+MMAAAhQ,,bhvx:1_hKo8wTJym0wAADhQ,bhvx:1_i9+3vl5uSR8AABxq
bhvx:1_M8sBeurMNnQAALIs,bhvx:1_va6Qxpkfsu8AAAVk,,bhvx:1_SnyqPYUahMYAAAYm,bhvx:1_wQWpKAfM82kAAS7D
bhvx:1_/XkrTeJdlF8AAA9c,bhvx:1_UKV2P8nabekAAAhh,,bhvx:1_k4B4B/VS08wAAu+D,bhvx:1_HEHokNz2DIYAFUqH
bhvx:1_U6QeyJhAr+sAANSw,bhvx:1_zQq4lg93xC4AAAdM,,bhvx:1_GTJEBgyuzMIAAGij,bhvx:1_ty7C4AXkjrgAAM+j
bhvx:1_HQSyfA1yO14AAS/W,bhvx:1_4DgPDVel8nAAAA4G,,bhvx:1_FX6eMghT9W8AAAVd,bhvx:1_jmxEaextDKoAAD6e
bhvx:1_kCkf7I6YssQAABnb,bhvx:1_oxq9XyXVXX0AAAe7,,bhvx:1_veXA64pFQbkACHO8,bhvx:1_wnbUeCVltuQAAC/4
bhvx:1_Q3vfuVoubEUAANAq,bhvx:1_wq0x/JvdjGQAABj/,,bhvx:1_AK+C/wC/w4IAAAZt,bhvx:1_Mr38FAS/yEkAACU6
bhvx:1_lj5ztnQBKQkAAAWN,bhvx:1_jMWpD3W2wLAAADMd,,bhvx:1_OfYOT1M4SuIAAAfQ,bhvx:1_qemN1IF7DEEAAB5T
bhvx:1_DGJaKd6XZHQAAAUK,bhvx:1_v9vAMiUDEa8AAAVk,,bhvx:1_HOt7fTGfeWQAAKxu,bhvx:1_uuq3fk9gX+UAAAVi
bhvx:1_cohf6a+/7r4AABTH,bhvx:1_EBemerS2vk0AAuk5,,bhvx:1_S/JscxqnRFcAAHK4,bhvx:1_nJtislT5YYsAAAgf
bhvx:1_gKgWORSN/80AAFqc,bhvx:1_C2kHQJjGes0AABPf,,bhvx:1_5KNVSCtWa9oAAFQH,bhvx:1_X0v4Gs0om40AAFqr
bhvx:1_RYQOCEUzXyoAAKjL,bhvx:1_GoQWj99pHT4AAAMZ,,bhvx:1_s3/NYecASsQAAApC,bhvx:1_EGwslpPySRoAADxj
bhvx:1_UDrvfUmzss4AAFFv,bhvx:1_7997qzc7L2MAADwg,,bhvx:1_ot2w468dRDAAAARd,bhvx:1_uqgJjeW+ULcAADli
bhvx:1_CjypTjLo85UAAHSs,bhvx:1_wN6HNSUkQVcAAHwH,,bhvx:1_cohokRPDXEcAAAew,bhvx:1_nApbdv6PHncAAA5b
bhvx:1_95DOMcvcWpsAAGIg,bhvx:1_z4WGG+sX9jcAABCL,,bhvx:1_29AUqP4ydbAAAApx,bhvx:1_JhJHLYnBxNkAAC2L
bhvx:1_yQO5FrJr0/wAAMic,bhvx:1_7qIeigSnbLUAAVP3,,bhvx:1_Q7oi4G1JeHYAADPq,bhvx:1_yCTRnOkmzGEAAAHm
bhvx:1_IOoAMIuhgu4AAG0e,bhvx:1_HKQchKANojsAABoR,,bhvx:1_zMwCvdMh7xkAAEH+,bhvx:1_HvU3GkRuXJYAAAGr
bhvx:1_rhblzUc10yQAAQMy,bhvx:1_5aZZSHW2iaEAACmP,,bhvx:1_6ej1D1+dGgEAAAip,bhvx:1_N+/9gqVoxhkAABhS
bhvx:1_YXuVHUhBqj8AAGQW,bhvx:1_NQQ7q95FUMUAAAp1,,bhvx:1_WzKoms/hWRYAAE/y,bhvx:1_z9t6Fomj6lEAABaM
bhvx:1_trgXMSM63lEAAKsg,bhvx:1_WqAIRZeZEU4AACDF,,bhvx:1_A76+J1kOpnEAAFKY,bhvx:1_E8xbBc6f3aUAAFYp
bhvx:1_jK2ZR6X6IMcAAKYY,bhvx:1_12ml7aRv5+sAABHk,,bhvx:1_mqI21RemOroAAFRM,bhvx:1_6EaVVaGS1wMAAAHY
bhvx:1_A/h4zqr4xp4AAHSt,bhvx:1_Xewc1bhj6CkAABfu,,bhvx:1_Svh/SbGx638AAbA5,bhvx:1_GXqYNSwiDSAAAAf0
bhvx:1_E7CuIGKFkZEAAHXl,bhvx:1_j3nTKrXKbysAAAUK,,bhvx:1_bMlLh+NFSSMAABk1,bhvx:1_mS08anyvA0cAC8Ek
bhvx:1_FMo6wZ3ZVCAAATU2,bhvx:1_eyw1ozyPqOYAAAMK,,bhvx:1_n6R5TOGeeLMAAB27,bhvx:1_obN/U9xIgtEAACJW
bhvx:1_kypBICPFMSwAAANh,bhvx:1_PpQIswu2jgUAABV6,,bhvx:1_HNaTLc0eebIAADFR,bhvx:1_HX6E5kHCgFoAADwP
bhvx:1_lg889N31ikoABJ6g,bhvx:1_tGfENm2ICwQAAAHt,,bhvx:1_YPc+7a22h/wAACwD,bhvx:1_/wgAYIlouoQAABWa
bhvx:1_F9vAgsU5TMEAAAPQ,bhvx:1_8iupWUzpjXUAAAZY,,bhvx:1_3eUcbMbSU/UAAAYa,bhvx:1_p4cbe6wXfccAADym
bhvx:1_jETJUCf8XMkAAHTg,bhvx:1_pjBsjAP786cAABVp,,bhvx:1_F29wPWTRNSgAAA2U,bhvx:1_s44Ho980PJ4AAAGm
bhvx:1_d8EOV7Qafe0AAART,bhvx:1_CWy/32KQShAAAAsw,,bhvx:1_PC9falUPq1YAADD6,bhvx:1_UJn2LvNjJhUAABXC
bhvx:1_Nb9q7TOMmpYAAP+u,bhvx:1_+TXe/aHRo04AAC78,,bhvx:1_Cu5pR3Rq7XwAnSBG,bhvx:1_3nqCItS7c4cAAAVe
bhvx:1_wTH9876DQscAAHmC,bhvx:1_Fl4/jKRz/kQAALQ3,,bhvx:1_q81YxvvpyRMAAAiZ,bhvx:1_IPo7RR/5/IoAAA33
bhvx:1_AM4lJWkaEGAAAHTF,bhvx:1_yWik4WleyNIAAVm/,,bhvx:1_rsUC29ziFgkAAAlE,bhvx:1_B2UtKa2AvuUAAEjl
bhvx:1_N9rGauhlLJ8AALWr,bhvx:1_oLk9Dj2irpcAARpl,,bhvx:1_JXAbzKOpWAEAAAHz,bhvx:1_E2VeZODbaK0AABW8
bhvx:1_/Vfzhnk6+g8AAKf6,bhvx:1_W7KlBIXXEVUAABuT,,bhvx:1_BrSy27y9R4gAACI0,bhvx:1_ow4Qvv1whkYAABhJ
bhvx:1_UTjT+nOUi1oAAPpM,bhvx:1_3CFQp7l+eYEAACMr,,bhvx:1_vWsilG+NQh8AACGT,bhvx:1_igm3AKcqMBYAAILG
bhvx:1_C3rvsYf6x+UAAGDm,bhvx:1_CZuXex9cmtwAAAJB,,bhvx:1_nApbdv6PHncAAA5b,bhvx:1_9HUWjgFJ5LEAACN5
bhvx:1_GdxZHfmyoKIAAHD5,bhvx:1_+AbwOBvHJHMAAAWz,,bhvx:1_IgxcDRiR3ucAABGp,bhvx:1_A8YAW7hFe4kAAAe3
bhvx:1_l77/K4RlSGIAALME,bhvx:1_LTZWQnZ/EgkAAAf1,,bhvx:1_5/BsKWB4oasAAAtN,bhvx:1_sWNkLczVb40AACja
bhvx:1_ZOCwTwHMKDwAAHcu,bhvx:1_fQjbkCDFCqIAAAcO,,bhvx:1_hImRWFF/pyQAAnn8,bhvx:1_1X2zjS8soJQAABNx
bhvx:1_w5Ac8hp5c5UAALo9,bhvx:1_xF9k464D9SAAAAtP,,bhvx:1_mEBiTZV7oIQAAHdk,bhvx:1_5VhDPcZ1b2wAAPdD
bhvx:1_do6N89wb38YAALZC,bhvx:1_r0CjsZosvMQAAKn+,,bhvx:1_1CQImLhbJrQAArDa,bhvx:1_1rXzOBC0xmMAASkp
bhvx:1_sy5E7YprxyYAAQbw,bhvx:1_s6u1Dtut+y4AAAWd,,bhvx:1_BKxn/HSBsxsAa84q,bhvx:1_UVynA0mKhZAAABrF
bhvx:1_etqU2Qjmh28AAQQH,bhvx:1_rNLu3oCfz1IAAAHE,,bhvx:1_3GD0D5zyZpUAAOkg,bhvx:1_aZH9Qs/iUyAAAKEe
bhvx:1_LuZchNLk1HQAAHTK,bhvx:1_ky81wWkUawUAABJw,,bhvx:1_P639szV4VaUAAB4u,bhvx:1_YsfJ7xb7CEkAAAnA
bhvx:1_pORGEU3UN34AALCT,bhvx:1_k9U9yCsTXGQAAFUC,,bhvx:1_utoKtHrHteoAABum,bhvx:1_eLX/BpADPBEAAAkj
bhvx:1_mqI21RemOroAAFRM,bhvx:1_2kJp6dcJGF4AAGUd,,bhvx:1_nL6jyu6Z420AAINz,bhvx:1_U7aPZG36zREAAAkh
bhvx:1_YTmqsHPDQ2MAAPct,bhvx:1_DS4aTvY1rO4AAB4V,,bhvx:1_axWphpvove4AAHaH,bhvx:1_dtjNSGxtj7EAACQn
bhvx:1_m7RZ4I9RgSwAA03+,bhvx:1_GoGjQP5/6o0AADX2,,bhvx:1_R1Uk848+l48AAAQN,bhvx:1_x5+JKRWQj/wAAFXj
bhvx:1_O5Uz57uALfAAAHVM,bhvx:1_S0g+ZNRId5wAAA/Q,,bhvx:1_AQ9Lt96lfJYAANs4,bhvx:1_udrZ+dbqxEgAAAtN
bhvx:1_CCWgTgMwMyUAAF8/,bhvx:1_JsL6iWi0Ut4AAAhK,,bhvx:1_9CPM2zxHw14AAAuu,bhvx:1_JMKyQBZTuicAABn8
bhvx:1_KNR/aBCoq7MAABGa,bhvx:1_v+tgJpTRIF0AAFJK,,bhvx:1_GBQ+U4zYhGcAAAZX,bhvx:1_iONDJ85/JSgAAAGp
bhvx:1_V1hVdvSiCyAAATWs,bhvx:1_5l0b0B0H7P0AAApl,,bhvx:1_W5KyUpWAReIAABiZ,bhvx:1_fxixeFJPnNoAABOT
bhvx:1_6D4muB6wfwwAAKup,bhvx:1_AuLR+46vkD4AAMFw,,bhvx:1_TYOfVZjgPFoAAnNp,bhvx:1_R6scHAP6tkEAABe8
bhvx:1_l1EvzWpko8MAAHAJ,bhvx:1_ysowcyGQDZUAAByT,,bhvx:1_7soH4WRVMDYAABHO,bhvx:1_dUv6w7CufRMAAAtX
bhvx:1_RWg+xnc+iAIAAPbA,bhvx:1_pegGbHJitmUAAbHl,,bhvx:1_I3ZhAcrocAoAABZT,bhvx:1_gm6AJHCc2BsAADft
bhvx:1_kddCZ4GhSS0AAGLb,bhvx:1_Hq6U4lt0Rz4AADxq,,bhvx:1_RnjKkivFoJQAAAcZ,bhvx:1_8n++a+FtdlAAAA32
bhvx:1_kBFEnDjnhwoAAKpQ,bhvx:1_CQ50x6QCucEAABoc,,bhvx:1_MQcM8A33lZsAAEHr,bhvx:1_layyonLGiTkAABzC
bhvx:1_pkzrORMPcpQAAKla,bhvx:1_dmp0ajORTOwAABcA,,bhvx:1_zVg6WZqOJl0ADj8b,bhvx:1_YdSd3GHp8rUAABCI
bhvx:1_Y5TVh3C2daUAAPp1,bhvx:1_7MjIESUFh+EABtgC,,bhvx:1_2v6/Sa1FDeIAAB0k,bhvx:1_WfAeOQZCiasAADxl
bhvx:1_T/3oKkKSxqkAAPco,bhvx:1_BNyy3HUdtyYAACEO,,bhvx:1_lyCGc4kWZNYABuao,bhvx:1_dIQRB9Oy+MMAAAhQ
bhvx:1_XJ3XX8SDsJsAAPzZ,bhvx:1_RclXamGlldsAADLj,,bhvx:1_/OzDPMdGvj0ABIgD,bhvx:1_va6Qxpkfsu8AAAVk
bhvx:1_cl3f5qhc5i8AAHTs,bhvx:1_VeIBy0MuuBUAAAdp,,bhvx:1_M80hDdSVHAgAAAdh,bhvx:1_Wgb8OFoQHm0AAAnu
bhvx:1_PQuHofI8tboAAJ7C,bhvx:1_la813eZ/NawAAH6v,,bhvx:1_MnCOE4SZwmAAAH3S,bhvx:1_cnIhTDscaNsAABM2
bhvx:1_4qQNKm+3CeQAAKUc,bhvx:1_eCVxpnwl8gEAAD9v,,bhvx:1_DDVshRkSzFUAAAIn,bhvx:1_5sZeFUscjt4AABYo
bhvx:1_k/Lai38yK9oAAF1Y,bhvx:1_UfEpJ8/XV8cAAAp4,,bhvx:1_J682TMZLidIAAAcr,bhvx:1_M8Fmrdpf8bEAABL/
bhvx:1_vdF9OxJf0d4AAHTA,bhvx:1_Y/XOs4lKFi0AAA30,,bhvx:1_Y66vKMB0cWEAAI/+,bhvx:1_GZAUIUf/bVEABKCA
bhvx:1_bZslGXyFIc4AAvLY,bhvx:1_r4LBsuA1Ok0AAJdb,,bhvx:1_WneuGbcztBoAAAKr,bhvx:1_Po5fdPcmyfoAAApn
bhvx:1_yp/BKyq/bv8AAF/S,bhvx:1_NAXRo/HIGeYAAAxw,,bhvx:1_UwhfFtBFmjwAABXB,bhvx:1_uP6Rgo7GsEsAADOc
bhvx:1_jOT/atuAbyAAARL0,bhvx:1_+huKZxgK9t0AAWeX,,bhvx:1_KxAfy1+FBmoAAAHB,bhvx:1_4DgPDVel8nAAAA4G
bhvx:1_vo4YPYtAcMwAAOLy,bhvx:1_aOLTgRGioWEAAC3c,,bhvx:1_akmfSDwZU+sAAAlm,bhvx:1_rrjFwM84VoMAAND6
bhvx:1_zu+0NDoaBzgAAZLg,bhvx:1_9jNhxA3KLz0AAkMb,,bhvx:1_pN2zEzPFm68AAAVM,bhvx:1_b/jZQBfgkTwAASdO
bhvx:1_aNoeX3nSNO4AAa31,bhvx:1_PKh+GMz+ttMABlbD,,bhvx:1_8n++a+FtdlAAAA32,bhvx:1_6mNE7sndZGEAAAaU
bhvx:1_pN2zEzPFm68AAAVM,bhvx:1_psK/HRfR16YAAEri,,bhvx:1_3/WPqYEninoAAAGv,bhvx:1_QiJk5Er6PWkAA3u8
bhvx:1_J6mVJo4x+igAAPte,bhvx:1_k4BZKP1zBzMAABqV,,bhvx:1_4a/Up3uljwoAAAXd,bhvx:1_EBemerS2vk0AAuk5
bhvx:1_equrKksMBfsAAJ4k,bhvx:1_zw7j4Fu3y9YAAAlN,,bhvx:1_SrKof66GtlAAAGty,bhvx:1_QQWudfBHSX0AAEfx
bhvx:1_HRIQa9w/ZicAAHYM,bhvx:1_Xy5OOHZSjNIAAGvS,,bhvx:1_eZtd0ldFOBkAAA4/,bhvx:1_pGZKA3PP2V8AAAi0
bhvx:1_x+KyXSgAikQAAFwW,bhvx:1_D/CaNdyqjXkAAFDI,,bhvx:1_rkFnhvibvCIAAALm,bhvx:1_WV4Zyhq8hQgAAEj6
bhvx:1_hCB00/foqz8AAPyD,bhvx:1_os2AUDCp3OYAAa3r,,bhvx:1_I+oN1tv27kYAAAXJ,bhvx:1_3bdD/X6RB1kAAFCp
bhvx:1_BrY3iyDtG8oAAAkP,bhvx:1_uT0ijvg+iagAAASJ,,bhvx:1_6S7tSfjTF+YAACQf,bhvx:1_/jny1ivmo3IAACa3
bhvx:1_DsbCQi6iOTgAAYtU,bhvx:1_j8nogJSyv/IAAA8F,,bhvx:1_EgE7xvSr79EAAAjZ,bhvx:1_a3yR0C1VVI0AABF3
bhvx:1_HoCysGxoe+cAACIj,bhvx:1_tNZ9COJS/e0AABWX,,bhvx:1_NL8TFufHU7AAAALf,bhvx:1_g/WY7+G3Ww0AACdj
bhvx:1_s6n+/bSLFj8AAPxR,bhvx:1_c6PTP4wKH6sAADzA,,bhvx:1_ZNcNme4S0x0AAGu7,bhvx:1_4ZkZX8Y+UfQAA/Ds
bhvx:1_cbw7MTjJ6n4AAHct,bhvx:1_zxL9AjZTEfkAABMz,,bhvx:1_Loi7j2EQs50AADct,bhvx:1_fIoPs4rMUWkABZ1z
bhvx:1_omt11bVT3cMAAHUj,bhvx:1_gyKCRbEBcmwAAAHE,,bhvx:1_Xbuma2OorDwAAQfG,bhvx:1_krfEqUBnDXUAABWd
bhvx:1_CqquQGpmcsQAAQLP,bhvx:1_KwVxbzHakvoAAA1E,,bhvx:1_jmY3JWe94aQAABRQ,bhvx:1_qW1zzsitEucAAA4e
bhvx:1_6bE8Q5w+9zMAAHT7,bhvx:1_nTaTbiWHCmkAADzm,,bhvx:1_HWSHoAR4wtoAAAOT,bhvx:1_OKXnBdUk7AMAAA4U
bhvx:1_GD2aWjnj4UkAAPXi,bhvx:1_GEzeLGBYpl4AAAmr,,bhvx:1_bATUTMV2XyIAAAL+,bhvx:1_mgiE01bR1AUAAAZp
bhvx:1_MgLuIm71CWIAALOu,bhvx:1_IKJlOr/ne9kAAD/S,,bhvx:1_sMXU+AtWro8AACR4,bhvx:1_9jWRpidRXmYAAAGf
bhvx:1_iAW8OZT1AukAALV4,bhvx:1_XEEi5BQI8voAAuob,,bhvx:1_l1kjBMo43lYAAMNv,bhvx:1_8iupWUzpjXUAAAZY
bhvx:1_sKD7Xv5xdVEAAAdw,bhvx:1_Cu//lJK2lAgAADE8,,bhvx:1_BeylURip0PQAABuz,bhvx:1_aNAFPJrLEdEAAAgi
bhvx:1_c3HUVf44JxcAAGmo,bhvx:1_DQ38Ptzzof8AAH7f,,bhvx:1_S7T8xnjTLDwAABpw,bhvx:1_uYskYO0/ESEAAES0
bhvx:1_AbTby31gR0wAAHTR,bhvx:1_gAlnJSOKRnQAA1DQ,,bhvx:1_nuuhIMhqkxgAAEn4,bhvx:1_E70GFYmZdzoAABBZ
bhvx:1_b4rSLMruR/wAAFhg,bhvx:1_1r3ioMChQhYAABGs,,bhvx:1_ZnIStHqHttwAAAyG,bhvx:1_qw3imitlnvkAADQU
bhvx:1_e6Zva+cZ9qkAAKhL,bhvx:1_lvs/iwTXke4AAAME,,bhvx:1_LM3+/m8UGhUAAAIt,bhvx:1_gM3FX/KfbooAE9NJ
bhvx:1_HXpRH3m/bqAAARvZ,bhvx:1_1oNThR2LOu4AAAt/,,bhvx:1_JtJOpmMbYDUAAL6b,bhvx:1_C4d3WELv8MAAAMeZ
bhvx:1_pDFl8rPWMMQAAHeK,bhvx:1_t5NEtv1H4/EAAEas,,bhvx:1_PzDdC49JF9oAACdX,bhvx:1_G9C0CKrwwG0AAC28
bhvx:1_nA1N/zCX8VMAAKbh,bhvx:1_3aFYyydLAucAABug,,bhvx:1_+lh9DYeZPJQAAAeg,bhvx:1_1Zf1QHs+ACcAAAJt
bhvx:1_Kuy5ij+kDVoAAKrE,bhvx:1_UpV85g+mVGwAADGc,,bhvx:1_FttTW2896rIAAAz7,bhvx:1_UYD/TUHYdt0AAAnF
bhvx:1_uQDPOC68/S4AALd5,bhvx:1_hdSLyZmKVo0AAAWG,,bhvx:1_4N+tCx/6TuMAAHyq,bhvx:1_d183YHcIINsAAA4R
bhvx:1_BlYpc5pwDbUAAGjT,bhvx:1_WEu4ZLj1/zAAABar,,bhvx:1_G6haz0TAbkgAAAMZ,bhvx:1_E2S09nXDPpQAAB2G
bhvx:1_os2AUDCp3OYAAa3r,bhvx:1_iHCO3go7rBsAAAXQ,,bhvx:1_XdDXbDMkSZcAANQV,bhvx:1_4A937NoDEY8AAJS1
bhvx:1_H2DDdzt2DLYAAO2m,bhvx:1_V3s49ztjIuQAAo0/,,bhvx:1_Xve2wtlZFdsAABPn,bhvx:1_3CFQp7l+eYEAACMr
bhvx:1_dJQhxHXIri8AAKoY,bhvx:1_vmGROxDOhecAABWU,,bhvx:1_j3nTKrXKbysAAAUK,bhvx:1_f4Qz0m7xAXYAAAWt
bhvx:1_icyGKmcjqZYAAPpG,bhvx:1_npwae/CYQUkAABM8,,bhvx:1_mgiE01bR1AUAAAZp,bhvx:1_Yy2H5pTGz9EAAnnS
bhvx:1_qT5yjszkCYMAAfyc,bhvx:1_CcNCisicANQAAAGl,,bhvx:1_IRSCSNtA0BYABPqQ,bhvx:1_+AbwOBvHJHMAAAWz
bhvx:1_yrsfICMuff4AAHVz,bhvx:1_p3MS0smtKpwABYhA,,bhvx:1_sp5MOLg4Cr8AAHEO,bhvx:1_QnaCC+DJ44gAAAZK
bhvx:1_1GsDFdd8baAAAK5L,bhvx:1_qCM8K6ndmN4AAEQe,,bhvx:1_duuFQY0S4h4AAA4+,bhvx:1_LTZWQnZ/EgkAAAf1
bhvx:1_meKSdFkolkkAANyb,bhvx:1_RgyIvbO0o0IABwnp,,bhvx:1_zJ3FbraZBosAAAsw,bhvx:1_ALKEwRVPLpYAABgD
bhvx:1_hY5XLlUv0nQAAHW3,bhvx:1_4MKCqB6JYOsAABIi,,bhvx:1_eyw1ozyPqOYAAAMK,bhvx:1_LnpqPEW6SaYAACrv
bhvx:1_vE3iZDZdxiwAAPcf,bhvx:1_FvdZTrK/8C8AADXD,,bhvx:1_gmvkNVeQ7loAAK2G,bhvx:1_qQTH5BfljL0AAAJS
bhvx:1_kNUwEP1DkggAAHTB,bhvx:1_isarQ+ZVRdoAAP0k,,bhvx:1_KVP5iT4IXW0AABHs,bhvx:1_6INyZwT07DMAAEjg
bhvx:1_h/Mp+bpAPBQAAHav,bhvx:1_1JeulIThGkcAACIh,,bhvx:1_QgYpDu1+UykAACET,bhvx:1_bZslGXyFIc4AAvLY
bhvx:1_kaLXGO9uCzIAAL/m,bhvx:1_pQZQlcPWvX4AACHR,,bhvx:1_nOuYOz7BvJgAALff,bhvx:1_JQRA0DVSRMAAACog
bhvx:1_7VetynZf1NIAAPuW,bhvx:1_WiL15G8P8qcAAIoc,,bhvx:1_xP8ckA80woUAAAMH,bhvx:1_E3ApmpbPAkQAAAdv
bhvx:1_IQLuIF2pS1oAAK78,bhvx:1_6uA3tDzXI5oAAAvY,,bhvx:1_CE98zwOZ1/gAABPH,bhvx:1_esTo1u2hm2UAABWb
bhvx:1_asLGZ/KPlSsAAKb5,bhvx:1_iGmP2wLmE20AABCx,,bhvx:1_4/+OGzx0XD4AHhOf,bhvx:1_9NWr8nrdI+MAAAF9
bhvx:1_n9KzzDS+ng8AAG6U,bhvx:1_HyPKdfkHjTsAADY8,,bhvx:1_6Ymk7XUD4R8AAC/x,bhvx:1_HrRRFewIDtwAAEQG
bhvx:1_ulmmQMz0fnUAAGrh,bhvx:1_QYFC0xjzXPMAAgxz,,bhvx:1_fEqhkjprAiMAAkZU,bhvx:1_mofibhAAmUwAABcY
bhvx:1_iwlHGdo//oAAAf+v,bhvx:1_UDrvfUmzss4AAFFv,,bhvx:1_lGg+MI4fO1QAAab8,bhvx:1_CmwxJsJOBzgAAE/N
bhvx:1_b142AhJKdqQAAQBt,bhvx:1_tRqm+qZJvVwAAAfJ,,bhvx:1_dPknOwPg8ocAADVD,bhvx:1_bI6wuWLPt2gAABTa
bhvx:1_3tWyntcTMQ4AAQRc,bhvx:1_ctBw8DE6GjUAAA+h,,bhvx:1_A/b2FVOjWEAAAAZ6,bhvx:1_QxKpMShz6G8AD3LI
bhvx:1_3fvc4ochM6AAALiS,bhvx:1_h6IX0BRXRzUAAAS0,,bhvx:1_fRwYu7sBB+0AAAMe,bhvx:1_zxpGgoVsPRsAAAo1
bhvx:1_l0h7/o5Ft6cAAHyt,bhvx:1_NiaTQkuJFAcAAEc0,,bhvx:1_O9lpxWkaGSIAAAfo,bhvx:1_ZBC5YgdZLWoAFUqH
bhvx:1_BO97juNfayUAAAfn,bhvx:1_wcIpOoPOlnwAABwO,,bhvx:1_j6rkyvcZGUQAAWnX,bhvx:1_k9U9yCsTXGQAAFUC
bhvx:1_F3P/cSkTiMAAAFj5,bhvx:1_IUKFlHF/+2kAAbs9,,bhvx:1_SVxSBQDolG4AAAmc,bhvx:1_DS4aTvY1rO4AAB4V
bhvx:1_+Bh4JA4c4kQAAadG,bhvx:1_cUVh/CDWPvEACC5d,,bhvx:1_oLk9Dj2irpcAARpl,bhvx:1_fXifyH4PdTgAACKx
bhvx:1_lww0aethVT0AAPxI,bhvx:1_iStiYy4v1iMAAAGy,,bhvx:1_VtuSiCktoYAAAAM8,bhvx:1_sTwd0pTYSHkAAAeu
bhvx:1_9EmLnW/PqMQAAPj8,bhvx:1_NQ4P/R7ifI0ABzwx,,bhvx:1_7h93B2YPQbgAAPsb,bhvx:1_Z9xCc/i69M8AACtV
bhvx:1_ushowviyQi4AAHa2,bhvx:1_Y9iARXLW72UAAII7,,bhvx:1_8ctWw7FH1CIAAA8f,bhvx:1_+HYcnWJBEMUAABUu
bhvx:1_ZRjpTM7cCx8AANOy,bhvx:1_5ByDMtyw+40AABnY,,bhvx:1_Ab78TNxcTZ4AAAnh,bhvx:1_xH3UXnCfpZ0AAuwT
bhvx:1_dC+ZNmKDD3gAAKXl,bhvx:1_dNf7yUtp8AsAAOq0,,bhvx:1_X3w6M22NWiQAFs+A,bhvx:1_S0g+ZNRId5wAAA/Q
bhvx:1_isarQ+ZVRdoAAP0k,bhvx:1_g72+ghafq7UAGymm,,bhvx:1_8NFH0vAK+qkAAdv4,bhvx:1_GUJueqIsltIAAAYt
bhvx:1_ndZLvUDtTJoAAGXQ,bhvx:1_EicIXlHRqrcAABtk,,bhvx:1_r0CjsZosvMQAAKn+,bhvx:1_x5WkkoiDTsAAAAKu
bhvx:1_5aRGhxXFNAkAAP3Y,bhvx:1_F+1/nL5XjZYAACnl,,bhvx:1_Rloo+qjrtWcAAAeS,bhvx:1_+IWjrVTJGLwAADgE
bhvx:1_qWipEHjJlDQAAHSt,bhvx:1_qSHcB/1p0d0AABGf,,bhvx:1_3hy3YrPzzY4AAg/F,bhvx:1_hKs4rjAFdysAAD3+
bhvx:1_Rah6gM/2qEoAAKyy,bhvx:1_34cfW8SlbacAAAgT,,bhvx:1_CmwxJsJOBzgAAE/N,bhvx:1_LXFJOg8JaIEAAAGk
bhvx:1_v2bGN6z5vnUAAHT/,bhvx:1_DQ54gFj7Z9oAABKz,,bhvx:1_n2RF1SmXCJgAEGUf,bhvx:1_AuLR+46vkD4AAMFw
bhvx:1_JbS0eQ/EoPQAAHTQ,bhvx:1_pK4thQ13lucAAA3A,,bhvx:1_KElvVc4UF0oAAAkl,bhvx:1_1C9kKxxwpk8AAAd/
bhvx:1_DR9atPHP7s4AAHS1,bhvx:1_pfvj1+6DwGAAAAp/,,bhvx:1_5UaipT2JTL4AAA8Q,bhvx:1_/4CipelCVecAAAHC
bhvx:1_p5ppPy0SLNIAAcop,bhvx:1_HxJ67V6c9GAAAAMO,,bhvx:1_nLXxquZW9ugAAA7Q,bhvx:1_BsSBgEnRBB8AAFSz
bhvx:1_m4IL11Ng4/QAAAZW,bhvx:1_VFa6y3U+DFoAADzr,,bhvx:1_jHAQJA4e8BsAAAdZ,bhvx:1_SFZsjCX6u5cAAAGl
bhvx:1_/UAKYGRdBIQAALZq,bhvx:1_oOb44NHhYW0AABC0,,bhvx:1_gkrwMqtMQq0AAAM7,bhvx:1_eXmwkmgJWw4AACJi
bhvx:1_4d1ctb4mEXkAABxo,bhvx:1_invygpKEE88AAAIR,,bhvx:1_Q63TvGslSEgAAAIP,bhvx:1_s78m0JvJ4vYAAAPA
bhvx:1_1HYC0KWFEgcAAHXD,bhvx:1_1GYaudDR2DoAAUSs,,bhvx:1_LHP+nFq+vPEAALTF,bhvx:1_MOSnOpMbai8AABW9
bhvx:1_yYD7c1J62ukAAP3q,bhvx:1_uk/FV+JrcioAAAPg,,bhvx:1_k9U9yCsTXGQAAFUC,bhvx:1_FDYxvpH4J6UAABkU
bhvx:1_idyewznBRX0AAB4j,bhvx:1_ooX1nzn6lS0AAGjS,,bhvx:1_2kJp6dcJGF4AAGUd,bhvx:1_aKOZzvU/9aAAAASU
bhvx:1_tyNjE/UCT0sAAL5d,bhvx:1_uBkJ4zxfsuEABgFF,,bhvx:1_fXifyH4PdTgAACKx,bhvx:1_CaTb28EzGjoAAEDf
bhvx:1_7qIeigSnbLUAAVP3,bhvx:1_jcB9rOYTdU4AAAWc,,bhvx:1_GoGjQP5/6o0AADX2,bhvx:1_GWPgj8GR4asAAEEW
bhvx:1_BMZZv+8oayAAAAVH,bhvx:1_ib6LZZEgsqsAABWb,,bhvx:1_RhgXQyB6iF8AAAtX,bhvx:1_VeIBy0MuuBUAAAdp
bhvx:1_wSx8QZMbQ+8AACb/,bhvx:1_e1qXt2GDhGAAABDl,,bhvx:1_Xf9R74PRKEAAACvi,bhvx:1_5H0yozrNLV0AAAen
bhvx:1_p1GX5l7OuZ8AAHSy,bhvx:1_hjNxth6BQAoAAC6u,,bhvx:1_GdqTFmInPTgAAEcl,bhvx:1_+UnSBiAtsbAAADnd
bhvx:1_+tmjAw7L9AAAABUn,bhvx:1_K5MsHyxltxEAAAVJ,,bhvx:1_w6Osb/MzlxwAAAaz,bhvx:1_2O4u7VqptaMAAAuV
bhvx:1_ysdIxj046VAAAAK5,bhvx:1_ABzizmQc/2MAAC7Q,,bhvx:1_JsL6iWi0Ut4AAAhK,bhvx:1_Zs3x8wof0CYAABIj
bhvx:1_aKUr2Bj0NrsAAVbO,bhvx:1_cG4iz7ZGLYYAACq1,,bhvx:1_y6T49xoETmEAAHYb,bhvx:1_K/EwehsmXmAAAArU
bhvx:1_uE9/sh5zt98AAPo1,bhvx:1_iG+l4bEEoAUAAMdZ,,bhvx:1_jySrs8MA3AUAAA0r,bhvx:1_koq5Rt3GB40AAH54
bhvx:1_L3kzbQOl6dwAAATq,bhvx:1_xsjjQdUm1ZgAAC/i,,bhvx:1_PiRQqILdgSIAAANC,bhvx:1_EHPi+j7g+tUAACYI
bhvx:1_ooX1nzn6lS0AAGjS,bhvx:1_AqmHUvc+v5YAACD4,,bhvx:1_4L4P6kB7cAUAAH3e,bhvx:1_fgAiXoRzUzoAA3kA
bhvx:1_nB9H2Y+04MwAAHTG,bhvx:1_v+HqpY/F3VEAAB5F,,bhvx:1_tfLI8ucPknIAABCa,bhvx:1_Yxpoia0D+9YAAAqq
bhvx:1_TNZBN/lBvNsAAPf6,bhvx:1_nEkxp1YSBf0ACHOC,,bhvx:1_icyGKmcjqZYAAPpG,bhvx:1_YW+gB/WWc54ACG3/
bhvx:1_2VgB1nNAZr8AAFoD,bhvx:1_FQ7x0zeqHJoAAA0L,,bhvx:1_ttUI6sVkrNcAAAP+,bhvx:1_/cwKWO9rUKQAAA9I
bhvx:1_BUnhxN4kz04AAPbZ,bhvx:1_V8BBFRL3HUcAAAMi,,bhvx:1_poNnKdCyKtIAAAVz,bhvx:1_JyjW1IVekugAAAdO
bhvx:1_Fl4/jKRz/kQAALQ3,bhvx:1_DubqWwMZFfAAABMD,,bhvx:1_wujryKDzdAIAAAop,bhvx:1_PrMs+cUYxQkAABuu
bhvx:1_2oVfEW+qbk0AAQum,bhvx:1_WPWXdZ5rEU4AAAgN,,bhvx:1_ysowcyGQDZUAAByT,bhvx:1_PKh+GMz+ttMABlbD
bhvx:1_vxARu7RMwMAAAGis,bhvx:1_CHS8TgDsWsAAABPQ,,bhvx:1_4SenUa1Pw50AAAWQ,bhvx:1_npbxpuyQEmoAAAr4
bhvx:1_y0XcvD+Qk5MAAHVU,bhvx:1_qDSD2W7BhkAAAFTk,,bhvx:1_ECCfFNZQBHoAADaq,bhvx:1_nDs2XzifHbEAAA6D
bhvx:1_uAoSyxHDqkQAAGZ0,bhvx:1_iZiNe9CJzpAAAAHC,,bhvx:1_BNyy3HUdtyYAACEO,bhvx:1_G/+FJagKEeIAAEgn
bhvx:1_GrYBF3hS0b4AAFpI,bhvx:1_6WIddj6+R+YAADo6,,bhvx:1_zVOCHMC7cBAAAAW7,bhvx:1_A5JKL4ehM2EAAF7b
bhvx:1_w7DK5so3EvwAAbHW,bhvx:1_+oxHI/6gdH0AACSN,,bhvx:1_/2trd/yjAQAAAJRB,bhvx:1_u5WK9Pe9gC0AAUes
bhvx:1_I+qDZ56zOBEAAASe,bhvx:1_U6TKvStRSEAAAJaw,,bhvx:1_u5GIB7vGaWwAAGhn,bhvx:1_7UxqlrY2qikAAAHu
bhvx:1_JvRo/boD+KkAAG/i,bhvx:1_mzPSrOMZp/EAAA7i,,bhvx:1_mmxAWFg80L0AAHMQ,bhvx:1_nblIDPdGWVcAACrd
bhvx:1_9BEx4lpPvmEAAHqa,bhvx:1_Mga5ZPutUdEAAEiP,,bhvx:1_dv4TLC4nLG8AADuF,bhvx:1_rbqoaiImMysAAuk9
bhvx:1_IW2wLzxpwecAAQAp,bhvx:1_WgoD8ib1DbUAAAIm,,bhvx:1_2O4u7VqptaMAAAuV,bhvx:1_YYTKKfiXyTYAAAF3
bhvx:1_1DhcL2GpoRQAAHVI,bhvx:1_RmQ8SQYLVTsAAAmj,,bhvx:1_d+RdivLpjc0AANm+,bhvx:1_wOXk3lvOx6UAAEMB
bhvx:1_A5EBvV4ss6UAAHVb,bhvx:1_01GYmYVy+FQAAAHR,,bhvx:1_ojKg5meq7igAAkpq,bhvx:1_zxL9AjZTEfkAABMz
bhvx:1_oAvACP1ocPYAAKwS,bhvx:1_Y43Cb18+odAAAASO,,bhvx:1_koq5Rt3GB40AAH54,bhvx:1_bFDA17A6JuEABFEB
bhvx:1_0Tp9daDxTtYAAHUD,bhvx:1_iQA8BBlXPTgAAAT0,,bhvx:1_NAXRo/HIGeYAAAxw,bhvx:1_Z9IgysHNPkgAHV2n
bhvx:1_QcIxMcFMzWwAAQsO,bhvx:1_LHWpZPZZT5kAAAJN,,bhvx:1_OMxcZjSbgUEACOG/,bhvx:1_JzBF1T9UTlcAABbl
bhvx:1_UgTv57HoLBEAAa4S,bhvx:1_1T8MlJPTdmsAAA9K,,bhvx:1_oxGC3cyvYf4AABU2,bhvx:1_0Bfzeu/fbcYAAE0D
bhvx:1_L5yIlWwvm5MAAVOu,bhvx:1_I1/0SyC7srUAAAI9,,bhvx:1_YW+gB/WWc54ACG3/,bhvx:1_OQYZT5OOXqsAAHXO
bhvx:1_HVhHi7f4p+IAAGmJ,bhvx:1_DZipept/2GEAAHUO,,bhvx:1_/cwKWO9rUKQAAA9I,bhvx:1_iY4mbai2bUYAAETY
bhvx:1_wkheBle2eT4AABHC,bhvx:1_cH16RruR+qMAABlB,,bhvx:1_GrZjNdohoxwAAAyS,bhvx:1_t9BhWZDbFNMAAAog
bhvx:1_3JsMtO77cDkAAPnr,bhvx:1_MvumewrSW0IAAA23,,bhvx:1_RZhxiauPvrEAAALN,bhvx:1_DnShwf3kBrIAAAdA
bhvx:1_lEax/YnsAHQAADCU,bhvx:1_aVSVeWs3/VAAACc0,,bhvx:1_HVZeIX3iI3oAAcTh,bhvx:1_lxr01/768AAAALoK
bhvx:1_K7knkCX+IBAAAAk/,bhvx:1_aQISjWiUBF0AAA48,,bhvx:1_0bJDTeny5PwAAAMj,bhvx:1_XjkyA7xde0IAAAvL
bhvx:1_pXfN3D063DUAAB52,bhvx:1_WMwYk2WhVcoAAAhJ,,bhvx:1_psK/HRfR16YAAEri,bhvx:1_dO2PWTbK2EAAAG2i
bhvx:1_YZ/Rs5UhK8gAAa31,bhvx:1_t2Rwn+1dKfEAAAzE,,bhvx:1_OIa5t09SoCEAAZSM,bhvx:1_9eNruKvH+FMAAEz/
bhvx:1_VCUkUoJPtwQAAHS/,bhvx:1_t3OF0gZuRT0AAAtH,,bhvx:1_npbxpuyQEmoAAAr4,bhvx:1_IKJlOr/ne9kAAD/S
bhvx:1_Qe4FNgqdIpEAAaJt,bhvx:1_Ymkt1von/RQAAAok,,bhvx:1_Xy5CEnTj9aQAAAMz,bhvx:1_K2B0YqvU5gYAABZz
bhvx:1_1UkqUr3GRCMAAPdo,bhvx:1_aQNXOQwGLP0AAAME,,bhvx:1_5Ne0p1IWwpQAAAtP,bhvx:1_DQ38Ptzzof8AAH7f
bhvx:1_PhsTMSI6LKoAAPc6,bhvx:1_zjMi68fuPzwAAAw/,,bhvx:1_MUg0CrErqToAAAhq,bhvx:1_Tl6KvSMGXSEAAAPq
bhvx:1_e+rbghOt0aYAAGYm,bhvx:1_mVwRL1OTa3MAAZox,,bhvx:1_sUo88JBdZAoAAIqp,bhvx:1_E7IWfMiaWTYAAAif
bhvx:1_AP8Pn1bTn80AAJjp,bhvx:1_ZtUe1IJ3quEAABgd,,bhvx:1_xglrX8Fc6uEAAAuT,bhvx:1_+ANygzsF2SsAABqm
bhvx:1_WmjSKPh/kS8AAHTH,bhvx:1_UR0yyhgz6Y0AE9XI,,bhvx:1_G2M/M6qxkM0AAA/f,bhvx:1_IltS8voM0mIAAMN+
bhvx:1_/zcgMLAuT2kAAFt6,bhvx:1_8iiCLTCxI7gAACIL,,bhvx:1_Ja03sPnVTQMAAAWr,bhvx:1_I4Sjyr+P5agAABEl
bhvx:1_GTJEBgyuzMIAAGij,bhvx:1_qTa4R/ecLKsAADl/,,bhvx:1_LT1gAgTvo/4AADtN,bhvx:1_6YJkX1aOiYQAAAI+
bhvx:1_oxGreGtIXKAAAHU3,bhvx:1_/Ou3tRV0xg4AABCw,,bhvx:1_j8nogJSyv/IAAA8F,bhvx:1_KKLeXtTg2R4AAAx4
bhvx:1_4J/FgA3QwN0AALEy,bhvx:1_oclxJepqFb8AABGR,,bhvx:1_HnYEaVQ5sQYAAHpU,bhvx:1_SSa/6pm3tDkAAAnw
bhvx:1_FBC5voDC8GQAAAg7,bhvx:1_cLAVOHLu/BgAABDI,,bhvx:1_0hexUXOHJa8AAB3V,bhvx:1_h+ij7ihfErYAAAJO
bhvx:1_jsg1DJSvwpYAAQEh,bhvx:1_i2rLJ7rO58kAAA6v,,bhvx:1_7UxqlrY2qikAAAHu,bhvx:1_TGohwbgjjtsAABIm
bhvx:1_xruGTV7r2ZkAAHVx,bhvx:1_HQfdcarJTVkAAAke,,bhvx:1_iM0s/fr52q0AAAW4,bhvx:1_FT4euvm+fYcAABbM
bhvx:1_flx97WsQwFkAAM0c,bhvx:1_au7BYUVwzDYAABl4,,bhvx:1_rbqoaiImMysAAuk9,bhvx:1_cbEUfXEx2/4AABCb
bhvx:1_cdWSD5zSgskAAHVk,bhvx:1_MU+2YbZn+9QAAAlg,,bhvx:1_i2DUVAbVhtYAAAV2,bhvx:1_asj4rdISYj8AABin
bhvx:1_52TpfyqvusEAAK9B,bhvx:1_CQAQXiWFyjQABEZc,,bhvx:1_mGqIq0QV7RIAAAnM,bhvx:1_ox9np0sA1rUAADO1
bhvx:1_X6bv/6YdL9wAAF09,bhvx:1_eLO0RvlmpiwAACJm,,bhvx:1_zNn8NsicUKcAALRj,bhvx:1_hdSLyZmKVo0AAAWG
bhvx:1_YFq2vemrzu0AAHYU,bhvx:1_ca38Fb/OnHQAAAMS,,bhvx:1_IUP0ZvkblJcAAKnX,bhvx:1_ogrVAIulAIwAFUqB
bhvx:1_ulPpIFU8nPMAAAWe,bhvx:1_/jx+RV0RxnUAAAMR,,bhvx:1_Mv9ziSYtI3UAAAWo,bhvx:1_+yuzP2IG4YYAAIpf
bhvx:1_GpQHzsFncFYAAGUr,bhvx:1_KzMCwIV2O3UACG4p,,bhvx:1_wOXk3lvOx6UAAEMB,bhvx:1_K+pzjgaWUzsAAARv
bhvx:1_luPh7dyNqt0AAGDe,bhvx:1_Ce4BRJPTQo4AALOJ,,bhvx:1_066/6CMQzokAAAwg,bhvx:1_WCW2W+czPiUAAAgB
bhvx:1_/WuZSY5EWAMAAHbT,bhvx:1_7VetynZf1NIAAPuW,,bhvx:1_NjO7iKLM/wwAAUTg,bhvx:1_H9y8OVL8mZIAAuqV
bhvx:1_1EvpO64DHNcAACFO,bhvx:1_mqXOMr+MsK8AAALb,,bhvx:1_JtyZ4yvGPeAAACN6,bhvx:1_K0Fqv9D9vI0AADIy
bhvx:1_vnZZMWNPvkwAAJge,bhvx:1_bK+orsWB56UAAEsZ,,bhvx:1_mo2JnEPz4GkAAAw8,bhvx:1_RDwN0bzbWLAAABDF
bhvx:1_9njP/qz0myAAAAOz,bhvx:1_Y6BklMnWPnQAAAVg,,bhvx:1_4FnYN4GJOJIAAWJr,bhvx:1_Kdbmy+M13rsAAAh4
bhvx:1_kb2eWEuV2McAAHTE,bhvx:1_KosBHfpHKlQAAAH1,,bhvx:1_8tBSrCZJKaQAADUp,bhvx:1_0N6Vi06BG58AAAcy
bhvx:1_YpgZJlbd928AAPi/,bhvx:1_x+F7uOvr204ABgRB,,bhvx:1_+Bh4JA4c4kQAAadG,bhvx:1_z2rZaFrhr14AADov
bhvx:1_ipL0nYKaj+sAAQO0,bhvx:1_wN+Dl/QwtDUAACUE,,bhvx:1_nc4XzzPl1pwAAAbF,bhvx:1_5TdTbf/8aE0AABdV
bhvx:1_HoqhcZvW5jkAAQhL,bhvx:1_y9iKt6J1yZAAAHZo,,bhvx:1_SdLWm7ZJdF8AAFEB,bhvx:1_pQZQlcPWvX4AACHR
bhvx:1_z4Ptqhn5AAoAAK9b,bhvx:1_LWqjdHGwGl0AAA4a,,bhvx:1_TcQd8uZ0WCEAAAop,bhvx:1_/FS6WgjOeRYAAEvH
bhvx:1_osk9ifbxG5QAAWPU,bhvx:1_Pk9+clDOwVwAACoJ,,bhvx:1_Fkw6rVK43NMAAMZb,bhvx:1_w4pwG26Rsq4AABdt
bhvx:1_Wi6sgiTfRKQAAK2x,bhvx:1_Z77/+Ic8JM4AABou,,bhvx:1_JbzZHFf52h8AABJG,bhvx:1_v+HU9+pwkDsAABzn
bhvx:1_oh0cE8gAUfUAAHeY,bhvx:1_x2SEehIoO8MAACnD,,bhvx:1_fyO1ULHdxycAAAzv,bhvx:1_tRqm+qZJvVwAAAfJ
bhvx:1_qiNc6PrFwWYAADg3,bhvx:1_f2qT/zVBN2EAAAbX,,bhvx:1_0GpBwRnR2KQAAAwo,bhvx:1_olMIp60eLT8AACdH
bhvx:1_n3lZFaTpiWAAAKkq,bhvx:1_dW3oMQz3yCoAAAYE,,bhvx:1_cl3f5qhc5i8AAHTs,bhvx:1_ctBw8DE6GjUAAA+h
bhvx:1_dH8tX/T4xbcAAPtR,bhvx:1_3GLKzaykzrgAAAqJ,,bhvx:1_S1Ybjv8hJiwAAEHd,bhvx:1_CqleFqRUq/QAADi0
bhvx:1_FW0u6hPBMboAAGdG,bhvx:1_nRJCCd7NU+wAAAMS,,bhvx:1_NiHw2AbOi0UAAAga,bhvx:1_uuKP55B0D5UAAAK2
bhvx:1_mvld7iaEbPsAAAX0,bhvx:1_tbvLNGXzBdEACG2q,,bhvx:1_89nORZYT1UIAAALK,bhvx:1_j/lPnGd149EAAFPo
bhvx:1_mynJv6i7RYAAAHS/,bhvx:1_R8SWf/a9nPIAAUS7,,bhvx:1_+vxBLYc5bhkAAH1f,bhvx:1_7XQGInJJLZIAADB7
bhvx:1_Y5CpO56+iIsAAHQp,bhvx:1_OWT8LJAMDpgAAAMK,,bhvx:1_1r3ioMChQhYAABGs,bhvx:1_AJ2uS8UMSaQAAAqr
bhvx:1_lmueLwEpvfMAAHVE,bhvx:1_F7pCyhPHFgEAABD7,,bhvx:1_iJr4b0aAGwkAYLdW,bhvx:1_NiaTQkuJFAcAAEc0
bhvx:1_AkLcb3dN5NEAAAfE,bhvx:1_MN/ECfthlh8AAD1G,,bhvx:1_MsqEkuLRfqMAADMN,bhvx:1_LaF4MaSVasUAADmC
bhvx:1_jfBSFNVm1SIAAKqf,bhvx:1_qeuU9+BGXqUAAAoa,,bhvx:1_J4Lep83TNFoAAF6I,bhvx:1_xNGw+LeC0EIAAAJ9
bhvx:1_RGkmAqRe8DgAAePJ,bhvx:1_B5L5u+0mfo8AAAwl,,bhvx:1_lvs/iwTXke4AAAME,bhvx:1_5xRXmaiOWsYAABXr
bhvx:1_qDnz/gUd1DMAAH7e,bhvx:1_aykd5AWUg94AAC+b,,bhvx:1_Wx8U+Amb27AAAAY7,bhvx:1_/xY3DW+q9+0AFUqD
bhvx:1_nPuyUjiDjnsAABEZ,bhvx:1_r99Z25AaSmwAAAaI,,bhvx:1_SSa/6pm3tDkAAAnw,bhvx:1_cUVh/CDWPvEACC5d
bhvx:1_Ba9jxcMhBaYAABBS,bhvx:1_qDnz/gUd1DMAAH7e,,bhvx:1_Odj4NXXUvScAAAbi,bhvx:1_axH7tlZDCkkAABaC
bhvx:1_XYhsOU01lWkAABL+,bhvx:1_kixKmgirklUAAHc1,,bhvx:1_1oNThR2LOu4AAAt/,bhvx:1_eBh2jatuYOwAAIao
bhvx:1_TWDcd65D5D8AAA0O,bhvx:1_NcV1lIFKzLUAAClI,,bhvx:1_y252IxbDC/QAAAbR,bhvx:1_iStiYy4v1iMAAAGy
bhvx:1_YCKcUmoWMMwAAAvt,bhvx:1_t7EN6OcmcxwAABYN,,bhvx:1_hucJQ7yblJIAAG0/,bhvx:1_gN6TR4JjFN0AAu98
