Unique_ID,Message_ID,scenario_name
bhvx:1_J9DStPDHzWYAABh/,o86NawqA|E2bb5,scenario1
bhvx:1_ol6tifwQ73sAABaO,QXiFsIqA|E317a,scenario1
bhvx:1_LsFT5lNX02QAABWc,CYkUJIqA|E2be0,scenario1
bhvx:1_FzCdJaBG2C4AABkI,iLtPKkqA|E34b9,scenario1
bhvx:1_3F5Zegu7V8QAACRU,53Ko8IqA|E1d17,scenario1
bhvx:1_OmHFkbjtz38AADuK,A0/VfYqA|E3ce8,scenario1
bhvx:1_kyTzXvb6BH4AABsS,aSGJI4qA|E399e,scenario1
bhvx:1_lkqPaufEaQYAABJf,mGlKIkqA|E3b09,scenario1
bhvx:1_/WuZSY5EWAMAAHbT,epNaNYqA|Ee6e,scenario1
bhvx:1_Idn9h6Jh0n8AALsF,hNP/v4qA|E3701,scenario1
bhvx:1_i7ukGNCp2t4AAD8j,7ctWikqA|E216f,scenario1
bhvx:1_GPZE+wedxO8AAA0K,oRkhAYqA|E3775,scenario1
bhvx:1_vOSlN2sNfPgAACSq,9UKrgUqA|E2f77,scenario1
bhvx:1_7HSwmUVBjSsAACTb,/K4h/IqA|E3347,scenario1
bhvx:1_q4Qg0hBTeawAAAKz,vEh1CYqA|E6fd,scenario1
bhvx:1_cbgQsEvMGaQAAD+U,EKsb9EqA|E2528,scenario1
bhvx:1_isarQ+ZVRdoAAP0k,KbCvI4qA|Ef2c,scenario1
bhvx:1_k1ew01QxU5gAAA+z,D6CFQYqA|E1de0,scenario1
bhvx:1_LAOXNnfrU9sACD2Q,Nf7Z8IqA|Eeac,scenario1
bhvx:1_RWg+xnc+iAIAAPbA,XGrMk4qA|Edfa,scenario1
bhvx:1_o3WidAYK/ikAABrl,afP2XwqA|E3326,scenario1
bhvx:1_Ts+D52HR49oAACEv,bevKxkqA|E373e,scenario1
bhvx:1_hCB00/foqz8AAPyD,LaHYSwqA|Edbc,scenario1
bhvx:1_JjlkIt4VlFwAABhI,Hsd+lkqA|E30d0,scenario1
bhvx:1_MNRLDOO7Ny0AABQZ,kPbBwUqA|E3a89,scenario1
bhvx:1_Y1gvgtVn9WcAAZ+9,r4NpjEqA|E395d,scenario1
bhvx:1_EuR1OQ4E1+wAAB5N,glXKmIqA|E2bd9,scenario1
bhvx:1_FPhRUzQ8tcoAAZ+R,aQ2+QYqA|E32ee,scenario1
bhvx:1_/JSegFIgmvIAACJ/,o4OFs4qA|E1efd,scenario1
bhvx:1_RnVJ7CbS33gAACK/,f8760EqA|E1f66,scenario1
bhvx:1_k/PrILnw5TAAAJZF,cO+gjYqA|E3656,scenario1
bhvx:1_kddCZ4GhSS0AAGLb,iT38/IqA|E1519,scenario1
bhvx:1_FexpfoMnhY8AABRW,zuKt9YqA|E2a6b,scenario1
bhvx:1_KyacJwrmHWYAAFfr,wlwZmkqA|E1a03,scenario1
bhvx:1_GoDbwYy373YAAB3F,TpfRpYqA|E21d2,scenario1
bhvx:1_BrY3iyDtG8oAAAkP,XQqiMEqA|Ecda,scenario1
bhvx:1_1X2zjS8soJQAABNx,GQSq2EqA|E39c0,scenario1
bhvx:1_x2aIU+RpfowAABWa,ysB8U4qA|E3883,scenario1
bhvx:1_e+rbghOt0aYAAGYm,+spEWkqA|Ebef,scenario1
bhvx:1_Lj+MdFH0eyoAAGDV,s96T24qA|E250d,scenario1
bhvx:1_Pp5+4B8+hhkAABQS,r64m8IqA|E2a25,scenario1
bhvx:1_4PqlX/II0I8AAB45,1ciyk4qA|E211b,scenario1
bhvx:1_3aLIN91RG5kAAEQo,b74t4oqA|E2a3e,scenario1
bhvx:1_rRIj2TRiVE0AACS1,qvtN7wqA|E3065,scenario1
bhvx:1_qDnz/gUd1DMAAH7e,byD7LEqA|E36fe,scenario1
bhvx:1_+e3Z4V6/uAYAABoP,J9R+iYqA|E2a5c,scenario1
bhvx:1_BaKKJTcqGBEAAB6L,wcv1XIqA|E33ab,scenario1
bhvx:1_HkWkfqi5iq0AADM7,ouSF+IqA|E2a2d,scenario1
bhvx:1_I/h17XCJG20AACO+,M795/wqA|E1c1c,scenario1
bhvx:1_v9N4kiD/KUYAABZC,b5orSUqA|E241e,scenario1
bhvx:1_9IvvqbpcPxMAAB1u,xf9ShYqA|E2d73,scenario1
bhvx:1_E7C68qx3VbAAAIl8,jQy0uwqA|E2a19,scenario1
bhvx:1_roaKj4jEZgYAAAy4,kYZPjwqA|E1831,scenario1
bhvx:1_E8RQenmwkt4AABWY,hbl+zEqA|E3299,scenario1
bhvx:1_eInV5oTSW9MAAB/R,cDjLWEqA|E328e,scenario1
bhvx:1_IeYT/IJn4PQAAB3P,bLJZ8UqA|E1866,scenario1
bhvx:1_i3O8sTlmZJ8AAB/V,J2TNqEqA|E3894,scenario1
bhvx:1_hOTIiMu4238AAC2f,JfplNYqA|E3434,scenario1
bhvx:1_XzOXWIA1+NcAABmp,jSCfYUqA|E3941,scenario1
bhvx:1_LwQGHCqowm0AAD5C,LUtJLEqA|E34a4,scenario1
bhvx:1_0bOxVdy2digAAB44,rN+X9EqA|E3455,scenario1
bhvx:1_v5uV7w70jGQAAFBw,7EyWBoqA|E1dc7,scenario1
bhvx:1_F9vAgsU5TMEAAAPQ,E7PzpkqA|Eda8,scenario1
bhvx:1_SZnVruUDR0MAADaO,ZvmuykqA|E34b6,scenario1
bhvx:1_l9O48J8jH3UAACQw,O+ai+kqA|E373c,scenario1
bhvx:1_bn8a0ZsZszMAABWV,jIkyxIqA|E33a1,scenario1
bhvx:1_Ar6HyJQ6aYQAACSP,vqU0MUqA|E27fd,scenario1
bhvx:1_NFXy9DljWnoAACP/,cubMKIqA|E1ac6,scenario1
bhvx:1_TI/8ww1Oqt8AABbV,pVQAnkqA|E238d,scenario1
bhvx:1_A9n0as6RMI8AACaB,StvxHIqA|E19f2,scenario1
bhvx:1_pORGEU3UN34AALCT,z3+63wqA|E12b3,scenario1
bhvx:1_vi4wC1vl+W0AACIz,ak9ZykqA|E216e,scenario1
bhvx:1_mpiriLmdJ38AAD4z,AULhdIqA|E3ae0,scenario1
bhvx:1_jdb4KgdcDToAAEKb,TlviuoqA|E2a42,scenario1
bhvx:1_rAKywf33pEAAAEP4,RLox7YqA|E3f22,scenario1
bhvx:1_vIsi4brVl3IAAFyl,Mke/okqA|E34b4,scenario1
bhvx:1_P5ikXfh5etEAACRY,4695ZoqA|E1cdf,scenario1
bhvx:1_qt3kGdqQrngAADSR,07O2zIqA|E1adb,scenario1
bhvx:1_+gQvJfe48YsAACgQ,M2rKxkqA|E2f6c,scenario1
bhvx:1_xDpo0b7ybU8AAAy0,6o2aPoqA|E315f,scenario1
bhvx:1_YabMAkm9glUAACPo,eQINqEqA|E3496,scenario1
bhvx:1_1DhcL2GpoRQAAHVI,whx5HkqA|Ebf3,scenario1
bhvx:1_xLEo0liyJlMAABWs,U71NYUqA|E3a8a,scenario1
bhvx:1_BtgUdq2DK1IAACEK,a9J9nEqA|E3916,scenario1
bhvx:1_zCJxoYDLIwMAADQK,6hfxoYqA|E219f,scenario1
bhvx:1_WiLj0SBxnhwAAB4H,nMjHDEqA|E2719,scenario1
bhvx:1_N3XO825VIjAAACxq,r9ZRd4qA|E223d,scenario1
bhvx:1_gR3fJvaE/VcAAAy0,xLnPiYqA|Eddb,scenario1
bhvx:1_ALE80RvK6c0AAZ+z,cfiqXIqA|E3a46,scenario1
bhvx:1_JmDO6g37vx4AAC3E,M8SKsEqA|E3094,scenario1
bhvx:1_/HTX+KbRq9EAAIxP,qqtlw4qA|E387d,scenario1
bhvx:1_TL1PfJWPUDIAABWX,4VCHuoqA|E334f,scenario1
bhvx:1_Y5iQcHUI9uEAACvD,XwO2GYqA|E20da,scenario1
bhvx:1_pkg9/ZYH4ewAACAy,kjx1YYqA|E20c9,scenario1
bhvx:1_KjPDC6dLL/8AACSi,nslAbIqA|E2be9,scenario1
bhvx:1_5iwtpFOCRZQAACpl,h58v7kqA|E30d9,scenario1
bhvx:1_KAMa9Hl5xa8AABTq,tfrbmYqA|E3d3d,scenario1
bhvx:1_6tpgdhx3QxQAACN+,riKNPkqA|E27f5,scenario1
bhvx:1_cP0GxXqT2RUAADAv,3MRko4qA|E21f3,scenario1
bhvx:1_/qGdcebJ3FEAABLC,6cIngEqA|E39b7,scenario1
bhvx:1_DjAzFjZyM5EAACXH,0ajohkqA|E16d3,scenario1
bhvx:1_XMJTmoKzoPYAACI4,VGTDckqA|E27ca,scenario1
bhvx:1_xIHLpnCK8QwAAB10,equFxIqA|E2bde,scenario1
bhvx:1_xH5CCo4XXmIAADcy,vikk6oqA|E361d,scenario1
bhvx:1_INrRzMFsSVsAAHbt,JyHjjwqA|E338c,scenario1
bhvx:1_ZsX1rwKEcXkAAZ/l,gw9ZqkqA|E3511,scenario1
bhvx:1_rBKjkYifcDoAAEn6,duenJkqA|E392e,scenario1
bhvx:1_ES8QQp3FUf8AADYi,D68BoYqA|E2f10,scenario1
bhvx:1_hKs4rjAFdysAAD3+,Z7oaw4qA|E2f2e,scenario1
bhvx:1_Wi6sgiTfRKQAAK2x,mptAlkqA|E1541,scenario1
bhvx:1_aehGG4zoGW8AAD3a,uTeWdkqA|E1a05,scenario1
bhvx:1_2+Y9ks+tb7UAAaAj,nekj6EqA|E3a41,scenario1
bhvx:1_IkLZ2slFO1YAADaU,vAlWLkqA|E16d5,scenario1
bhvx:1_aNoeX3nSNO4AAa31,yRVVU4qA|E1233,scenario1
bhvx:1_+sXpSbkrv5cAABhh,jE8RckqA|E39c9,scenario1
bhvx:1_jOT/atuAbyAAARL0,b9pOhYqA|E87e,scenario1
bhvx:1_c3HUVf44JxcAAGmo,x6OWpYqA|Ed03,scenario1
bhvx:1_b142AhJKdqQAAQBt,wW+ESwqA|Ea33,scenario1
bhvx:1_yQO5FrJr0/wAAMic,U/HhrEqA|E123a,scenario1
bhvx:1_5N7XTjyGeScAABRH,TmSv1wqA|E305a,scenario1
bhvx:1_dAaPEFbxtfcAACQs,FrdhQoqA|E1db8,scenario1
bhvx:1_mvfew0/iaHwAABWa,eCNqb4qA|E3f3e,scenario1
bhvx:1_d8mhZYOa/gQAAB4v,dUq1rkqA|E145e,scenario1
bhvx:1_11ULtfLcw7wAABUO,3/UJOoqA|E3623,scenario1
bhvx:1_OlnDIyo5M2YAABQ+,hRLexIqA|E3609,scenario1
bhvx:1_1NxdyG4jXBEAACU6,FeH9t4qA|E36e0,scenario1
bhvx:1_GdKXwrubigkAAZ+Z,mpqYtwqA|E3a49,scenario1
bhvx:1_BdDHq+eAcUoAADZI,gwndKIqA|E1109,scenario1
bhvx:1_LB7PZuwuvCcAACKm,bVSciwqA|E331e,scenario1
bhvx:1_HyPKdfkHjTsAADY8,9dcoUIqA|E3a77,scenario1
bhvx:1_ryNwvJuvJC8AABWa,M7G/nIqA|E2ec4,scenario1
bhvx:1_cC+VfehhRgUAAEQA,pH5p24qA|E3d85,scenario1
bhvx:1_fYzo12nliMgAABWb,EJHUpkqA|E32c0,scenario1
bhvx:1_7z7zeyJcotIAACSw,AQClrkqA|E3a28,scenario1
bhvx:1_e6EPf8IFNHIAADAp,olRIzIqA|E2be5,scenario1
bhvx:1_flMu3jxElk0AAFpu,MykZT4qA|E15d4,scenario1
bhvx:1_oSkJJr6CpRkAABPn,eN+sxkqA|E3b16,scenario1
bhvx:1_1Jury+95adcAABVv,aJr2YEqA|E4106,scenario1
bhvx:1_prE4Ww1ZLXcAAZ8t,M8PwiIqA|E38fc,scenario1
bhvx:1_/nfkreZwX0wAAERz,V0/wVYqA|E1e12,scenario1
bhvx:1_RT6UzGHvIugAABZ8,eGu9hoqA|E2a46,scenario1
bhvx:1_6h/5UYlJXCAAAQI7,w0VsgUqA|E34d3,scenario1
bhvx:1_k03LZk6JXGEAAD30,oGYDKIqA|E1005,scenario1
bhvx:1_Z74kOrltjm8AAQLB,2DAvfwqA|E3393,scenario1
bhvx:1_b4rSLMruR/wAAFhg,1ftBsEqA|Eaeb,scenario1
bhvx:1_9+zhHH8QO6kAACK5,DSBrpEqA|E3678,scenario1
bhvx:1_Z6KtKV7mbCEAACZu,UVsgfIqA|E1c42,scenario1
bhvx:1_C7MbNl9DvEgAAEU2,TXXnQoqA|E3cba,scenario1
bhvx:1_n8HYNmS/y5QAADjR,p0wUCYqA|E3fc5,scenario1
bhvx:1_AEKHmbauHt4AAB6J,9XNRgIqA|E322f,scenario1
bhvx:1_RNMrgJcfzVQAADbO,RdMt4YqA|E1d62,scenario1
bhvx:1_/AIf2dkcg2gAAO3g,JVFl2oqA|E324c,scenario1
bhvx:1_iuyUItcOhckAAEC2,ww3xKIqA|E3a7b,scenario1
bhvx:1_7uJYh/PAtEgAACS/,7tak1YqA|E36cf,scenario1
bhvx:1_d3jXHmzhWj0AACUJ,fHATukqA|E32b6,scenario1
bhvx:1_05d+wqJBdYIAAKCH,GftxEUqA|E1690,scenario1
bhvx:1_ulPpIFU8nPMAAAWe,sirBk4qA|Ef7d,scenario1
bhvx:1_3v7ItX6Bu2AAADXK,fzj5xIqA|E2eb6,scenario1
bhvx:1_IQLuIF2pS1oAAK78,XUgElkqA|E1242,scenario1
bhvx:1_Rem1/28IcQ8AAAtG,B3id7IqA|E6a0,scenario1
bhvx:1_K6n+SjQiF00AAZ+J,BHg8YkqA|E32f0,scenario1
bhvx:1_PVpoqMsyE+oAABaJ,Pnc1ZYqA|E2a64,scenario1
bhvx:1_hIioWM9ObcIAABWX,tEUhjwqA|E2a1d,scenario1
bhvx:1_WILFaaXQvIEAAEPC,XWHthoqA|E3f9a,scenario1
bhvx:1_wSx8QZMbQ+8AACb/,pRAxhYqA|E12ad,scenario1
bhvx:1_2lXarkk+/OAAAEAK,eGDOY4qA|E2216,scenario1
bhvx:1_YFbXR4r2tioAABxu,kO0LG4qA|E3d89,scenario1
bhvx:1_ftRshBjQAPgAABUg,luFvdYqA|E2a69,scenario1
bhvx:1_E0jZykGwKCAAAZ+y,Ud5hxoqA|E38fa,scenario1
bhvx:1_vK658MS3fIsAABZ8,nXIpJkqA|E3b19,scenario1
bhvx:1_Q0GXxsVGHeMAAFGT,I4JU3IqA|E3614,scenario1
bhvx:1_V+5tQnzM9MAAAC++,dDrr4oqA|E3e36,scenario1
bhvx:1_VHRcpVBpPTUAAIlt,yi5RbEqA|E30ab,scenario1
bhvx:1_CJ/xZJYx9IEAABzO,DgXtsUqA|E1a08,scenario1
bhvx:1_B44yjaWiUZEAABm0,HkV4pkqA|E38c8,scenario1
bhvx:1_flx97WsQwFkAAM0c,Re49DEqA|Eafa,scenario1
bhvx:1_bAJpN9WoEikAAD2x,4N41PkqA|E34cf,scenario1
bhvx:1_XNuXf6z0c3QAAJxH,oHT0hIqA|E3235,scenario1
bhvx:1_6D4muB6wfwwAAKup,SL5LekqA|Eb72,scenario1
bhvx:1_rmeRWUvFO9UAAPkI,sJUdbkqA|E347d,scenario1
bhvx:1_p1GX5l7OuZ8AAHSy,safRrEqA|E129d,scenario1
bhvx:1_ZAHYFeQG6T0AAC4W,gW96AYqA|E3259,scenario1
bhvx:1_IRLcQYVn1owAADRy,jKQ1mIqA|E1ad1,scenario1
bhvx:1_7E2cMiz3nCkAAAyq,gTQ/iYqA|E2d11,scenario1
bhvx:1_DFxb04pCK3AAADdu,Z9x5QYqA|E1eae,scenario1
bhvx:1_ushowviyQi4AAHa2,CR3nLYqA|Ee70,scenario1
bhvx:1_cHq6RTh90agAAD8V,6x02XwqA|E3177,scenario1
bhvx:1_IKJlOr/ne9kAAD/S,Ra+1H4qA|E3282,scenario1
bhvx:1_uFC/0ZtarhcAADS6,ECEp/wqA|E3178,scenario1
bhvx:1_uqgJjeW+ULcAADli,cAmJlYqA|E2a66,scenario1
bhvx:1_yiVGpSh9WJcAABc6,BGHjukqA|E3738,scenario1
bhvx:1_X7rRwy402rsAACQL,R1r1UYqA|E21b2,scenario1
bhvx:1_NHZ4bcGsGHAAAFok,T3AYe4qA|E400a,scenario1
bhvx:1_44OH4IenPw0AADgg,oZ1+5YqA|E2a65,scenario1
bhvx:1_YXuVHUhBqj8AAGQW,a8Uc6wqA|Ef0e,scenario1
bhvx:1_w6cuDbmMCaMAADWp,VLuDYEqA|E401a,scenario1
bhvx:1_j/RQA4tTBGIAABms,zRigxoqA|E3353,scenario1
bhvx:1_RGkmAqRe8DgAAePJ,owpaSEqA|E12f5,scenario1
bhvx:1_IX29WFYdUM8AAPep,LKmdSkqA|E3b0c,scenario1
bhvx:1_XldkbsMAiIMAABWZ,36+A+IqA|E3683,scenario1
bhvx:1_Q8JC+UY6j58AABWT,U8Rz+kqA|E2f72,scenario1
bhvx:1_9pTiO9DnNHoAAQjz,OGbscIqA|E306c,scenario1
bhvx:1_N+k4jBYII7MAAPpp,Vd1XpoqA|E2f02,scenario1
bhvx:1_PBrkTykJ7KMAADwU,qHZiOoqA|E340d,scenario1
bhvx:1_mqI21RemOroAAFRM,/9wsykqA|Ec87,scenario1
bhvx:1_SJvsLiOiY6YAAFaK,OUf5aIqA|E1a54,scenario1
bhvx:1_xOxrnCSLlawAACOf,i2AuhoqA|E1dc9,scenario1
bhvx:1_pZLE6WIXrqwAAHaF,VVtP/kqA|E375a,scenario1
bhvx:1_xZwN41RHbPsAADGO,CegeeIqA|E2d40,scenario1
bhvx:1_wLxvsmy4QxwAABWW,+5EcwUqA|E393f,scenario1
bhvx:1_iYFrI8otxQYAAIHp,FaOwVkqA|E34c8,scenario1
bhvx:1_oh0cE8gAUfUAAHeY,0pO4rYqA|Eb6b,scenario1
bhvx:1_E+ooj6pyDC4AACI6,YZSTJYqA|E1d76,scenario1
bhvx:1_dBr1ZkYf4vAAACEh,J2Hk6oqA|E2ecc,scenario1
bhvx:1_ZsRXibF5omsAADHW,cBTvSoqA|E1bc6,scenario1
bhvx:1_UQ2gFwsBhmYAAC28,sggyfoqA|E3635,scenario1
bhvx:1_mujOqNjntKYAABWT,d/yKJkqA|E3476,scenario1
bhvx:1_Dm/h/2SRQBgAAEjQ,aVyNkoqA|E3836,scenario1
bhvx:1_8Nykv0KNe8wAABpH,j2lE6wqA|E2a09,scenario1
bhvx:1_RXJSiszYjYgAACuM,mQoDw4qA|E3081,scenario1
bhvx:1_4J/FgA3QwN0AALEy,kpD1lkqA|Ef41,scenario1
bhvx:1_JjKOmPq5GZQAAZ85,oTsj4oqA|E351d,scenario1
bhvx:1_VHz9fsRCjp0AACMJ,y4bmawqA|E1b13,scenario1
bhvx:1_YZ/Rs5UhK8gAAa31,GpOz84qA|Ef30,scenario1
bhvx:1_L0+zazg048QAACMq,uaFZLEqA|E2345,scenario1
bhvx:1_EP2unIr7py4AABE6,J026zIqA|E307c,scenario1
bhvx:1_N/QjammrisMAABXp,HB/k6oqA|E36a8,scenario1
bhvx:1_liuMdO7e0hwAABdv,AKAhsUqA|E34e0,scenario1
bhvx:1_wnlflBFLH+0AACET,Z+Qb8YqA|E2d6e,scenario1
bhvx:1_SQuVAHARc9YAADyA,uWr/+EqA|E3905,scenario1
bhvx:1_glow8JlE9N8AAC6D,H5C5IkqA|E24e0,scenario1
bhvx:1_cW/m4PRuAYMAABhq,ONPkT4qA|E327c,scenario1
bhvx:1_dc/LOOAlL5oAAFaD,J+b4qIqA|E1964,scenario1
bhvx:1_iOlxwbDFCaoAAEgS,9RX+rIqA|E154f,scenario1
bhvx:1_jkoe6Bb8qv8AAB+2,vaS94UqA|E375d,scenario1
bhvx:1_WgROvr7V5QUAADA9,etWIFkqA|E30ce,scenario1
bhvx:1_dHh+HPg+qFYAABrs,Q+UddYqA|E3652,scenario1
bhvx:1_FBC5voDC8GQAAAg7,/w1ZUYqA|Ed57,scenario1
bhvx:1_00gk47tjHYsAAafG,jp3Oo4qA|E1529,scenario1
bhvx:1_uwKEfsPmgHoAAaql,+Omuo4qA|Ee77,scenario1
bhvx:1_gkhjVF0lfg8AAD9S,glvq1EqA|E2289,scenario1
bhvx:1_e6Zva+cZ9qkAAKhL,HPuTekqA|E1088,scenario1
bhvx:1_jYgfMM8x5UUAABPd,79ojeIqA|E3607,scenario1
bhvx:1_OtSWIMaM+c4AAF0B,nlswlkqA|E13e1,scenario1
bhvx:1_+tmjAw7L9AAAABUn,zuJuhYqA|Ebfb,scenario1
bhvx:1_sKY6fufkFxwAADf9,4EEZEYqA|E363f,scenario1
bhvx:1_zXdZw0pgVb0AADfj,nGt4BIqA|E2d41,scenario1
bhvx:1_E/ecv0Qfu/gAACLD,3qzamIqA|E19db,scenario1
bhvx:1_C3rvsYf6x+UAAGDm,z2q51wqA|E1213,scenario1
bhvx:1_0WkVspoxG30AACCS,8eOrgUqA|E3757,scenario1
bhvx:1_omt11bVT3cMAAHUj,2cJzRoqA|E1223,scenario1
bhvx:1_FCBd25ZFHCUAAAy/,eLZPjwqA|E1426,scenario1
bhvx:1_85YwFMqff90AACHg,0Lxdj4qA|E1fc3,scenario1
bhvx:1_9vVLsrhb100AABB+,/bp0yoqA|E14d7,scenario1
bhvx:1_EsPe7uaesw4AABRD,khG6WIqA|E3331,scenario1
bhvx:1_cN+Uts//9SIAADyh,qc3JlYqA|E2ef5,scenario1
bhvx:1_i/yU5tI+D9QAAEFJ,x34JLEqA|E367b,scenario1
bhvx:1_Utxw16B4tLEAAQy/,jOhfuIqA|E2eb1,scenario1
bhvx:1_v72/VptE2AcAACO/,QAzCiwqA|E1a92,scenario1
bhvx:1_NKnlUCcIfL4AAB0g,qukYkUqA|E1865,scenario1
bhvx:1_MgLuIm71CWIAALOu,jSBvlkqA|E12b1,scenario1
bhvx:1_5sZeFUscjt4AABYo,OyhDKkqA|E4084,scenario1
bhvx:1_jN/OX+4zSo4AABaD,y5pJ/wqA|E2a23,scenario1
bhvx:1_RYQOCEUzXyoAAKjL,D1DP7kqA|Eaf0,scenario1
bhvx:1_F6OAX0kkSJEAACNZ,iUNJ2wqA|E1aa9,scenario1
bhvx:1_DSuDCWbXSJIAACQh,ws0DnEqA|E1fe3,scenario1
bhvx:1_R7a/iVuDyeAAACcc,pUI1k4qA|E3085,scenario1
bhvx:1_exL6k+iOQB0AACTw,bdYR7kqA|E27ee,scenario1
bhvx:1_tjiKSH0MMjMAAD+p,CpXVCIqA|E3398,scenario1
bhvx:1_mvld7iaEbPsAAAX0,mu1aREqA|E11d9,scenario1
bhvx:1_vjgXDK2VP58AACOA,beF7fEqA|E27be,scenario1
bhvx:1_htDaJHx3Br0AADoG,OOMBCEqA|E3704,scenario1
bhvx:1_4jnhoZXowe8AABaV,uczaJkqA|E392d,scenario1
bhvx:1_pkvArneIsVsAACIZ,veb+5oqA|E1dcd,scenario1
bhvx:1_WFUTqNXBm+gAAZ/g,dqG4kwqA|E38ee,scenario1
bhvx:1_dTqSHi5r9CsAADvK,Yn32i4qA|E1fa6,scenario1
bhvx:1_t+hhVxALxv8AAEaI,hVtFHIqA|E3551,scenario1
bhvx:1_IsoQEJvGETcAAFHJ,mOZ56EqA|E2f41,scenario1
bhvx:1_b1oqi9kebjUAABWX,DYx+DYqA|E2ef8,scenario1
bhvx:1_vxARu7RMwMAAAGis,vaYI6wqA|Edbd,scenario1
bhvx:1_fqKEzJtF6PoAAEGC,7LEHWoqA|E3847,scenario1
bhvx:1_Q+69oo/kAbgAAC1+,MlrE0kqA|E372c,scenario1
bhvx:1_mhl7nmNKxVUAACKm,3vDT1oqA|E1dd3,scenario1
bhvx:1_WmjSKPh/kS8AAHTH,7pxG8pqA|E152f,scenario1
bhvx:1_iWTAKHTUPoQAADfL,Aq2aRYqA|E2a60,scenario1
bhvx:1_DEc1fwDQaG8AACfV,NjjZZoqA|E3354,scenario1
bhvx:1_HSyMxWLUScAAAC/Q,9V6h1EqA|E2347,scenario1
bhvx:1_iKn+0Fvz2CEAADF3,C9onWYqA|E3988,scenario1
bhvx:1_AtX7xClEqiMAAA74,Jchlk4qA|E3f2c,scenario1
bhvx:1_auk8HqB28csAAB4D,IqjHDEqA|E2154,scenario1
bhvx:1_kxZkXe1o0cUAABd2,7X8DLEqA|E3457,scenario1
bhvx:1_PrMs+cUYxQkAABuu,8ocAREqA|E36f7,scenario1
bhvx:1_m/Q3f5E9vOUAAAwy,dceFOEqA|E3186,scenario1
bhvx:1_sqki+iRUIOEAAEiH,fza3j4qA|E1e3e,scenario1
bhvx:1_jmFPtS3ILqIAABkJ,LfjThEqA|E3714,scenario1
bhvx:1_ib6LZZEgsqsAABWb,3VE/8IqA|E2d3b,scenario1
bhvx:1_60VRf921wGwAABkr,CyTnhEqA|E4020,scenario1
bhvx:1_1N16b4gfaXwAADgv,w50X9EqA|E2f4b,scenario1
bhvx:1_x+KyXSgAikQAAFwW,HIpvawqA|Ed00,scenario1
bhvx:1_B45OiqtcdtYAAB4b,zN49DYqA|E2f2b,scenario1
bhvx:1_FjSVO+grR+kAAD63,//ez+YqA|E1cf7,scenario1
bhvx:1_hNEKgUbdPdsAACR1,JrZZZoqA|E3414,scenario1
bhvx:1_FVwGhnbwpkEAAA+y,oZ0XTwqA|E2d35,scenario1
bhvx:1_ky81wWkUawUAABJw,1FvB+YqA|E336b,scenario1
bhvx:1_4lN/6w6YtC0AABaC,xchFJkqA|E34c3,scenario1
bhvx:1_oxGreGtIXKAAAHU3,jxPi9YqA|Ebe9,scenario1
bhvx:1_ICxetMRWeUAAAEWC,kfZ8qIqA|Efe9,scenario1
bhvx:1_ABzizmQc/2MAAC7Q,QUIXI4qA|E2112,scenario1
bhvx:1_eX9MHP66WW8AAEAW,rQWtE4qA|E3eed,scenario1
bhvx:1_muvhsMXw9voAAE/b,3OaNqoqA|E384b,scenario1
bhvx:1_EQ5FPxSfFpkAADad,XEAeykqA|E3a12,scenario1
bhvx:1_pXfN3D063DUAAB52,xhplvIqA|E5fb,scenario1
bhvx:1_dbEF2Xj+ZlkAAEMU,V/fvdYqA|E3f12,scenario1
bhvx:1_lrmbq4rgyesAAECA,knAoT4qA|E4011,scenario1
bhvx:1_GCIE7H5URFsAACkF,guN9XoqA|E3e51,scenario1
bhvx:1_ouE4auLF0lUAAEOw,xdmuSUqA|E17fb,scenario1
bhvx:1_NrR2O11A6IUAABoD,RiFkfkqA|E34d2,scenario1
bhvx:1_yp/BKyq/bv8AAF/S,aIRVswqA|Ecfe,scenario1
bhvx:1_SA4hnXjzkjMAABWR,UeQj6wqA|E3312,scenario1
bhvx:1_EOmy+XJ8WXgAAD29,wbGM6oqA|E3ea3,scenario1
bhvx:1_1SFrIVnvl+wAADMV,Bz4rgUqA|E30e0,scenario1
bhvx:1_9BEx4lpPvmEAAHqa,hnoiI4qA|Ee71,scenario1
bhvx:1_QN1wfgiffIUAAEMM,ERP2Y4qA|E2488,scenario1
bhvx:1_CjypTjLo85UAAHSs,R+2IrYqA|Efc2,scenario1
bhvx:1_rludvnLGqO0AACI3,bqHGkkqA|E273e,scenario1
bhvx:1_YFq2vemrzu0AAHYU,rZRU3wqA|Ef15,scenario1
bhvx:1_k+cGDwMbxlUAABEz,M3S4QUqA|E393c,scenario1
bhvx:1_nKtgPr1q5aMAABPY,uFNhokqA|E4085,scenario1
bhvx:1_i22euLyhTuAAACqZ,NvsFOYqA|E20d4,scenario1
bhvx:1_s1N2UejBFEMAACM+,KytDSwqA|E2ffc,scenario1
bhvx:1_AYC8XKMm+y8AAC6g,rB9zNEqA|E2525,scenario1
bhvx:1_Jta3GDydV9sAAEZb,p2KtxEqA|E4185,scenario1
bhvx:1_KurDp66XHusAACNy,b70oMwqA|E16ee,scenario1
bhvx:1_8gmgSHRQLzIAAJu4,1K0N3EqA|E38ab,scenario1
bhvx:1_IW2wLzxpwecAAQAp,qcwpT4qA|Ede5,scenario1
bhvx:1_tpawNz79Bz4AABWe,nq/NtYqA|E3651,scenario1
bhvx:1_gKKki1NQO9YAABWO,0E4bCEqA|E388b,scenario1
bhvx:1_Rzq5Uz5A8xwAAZ+F,4UAjWkqA|E3b57,scenario1
bhvx:1_eOwFRFdXVrAAABd6,nFHZZoqA|E33c1,scenario1
bhvx:1_xa6PIoWO9pYAAB3k,v3dbrEqA|E2535,scenario1
bhvx:1_F7e6Rzk4Q+UAABJ0,3dDtE4qA|E36db,scenario1
bhvx:1_6dSomkfe2V0AAFYy,hxCdBEqA|E3451,scenario1
bhvx:1_1VX1YI3xjIkAACH8,oXIUDwqA|E1ab5,scenario1
bhvx:1_lB570BnM9gUAABlf,I+Sp/wqA|E2d3c,scenario1
bhvx:1_/FoHUFwRhrIAABWU,0puUH4qA|E3663,scenario1
bhvx:1_ROfw/uMGsSgAABpF,IjjGvIqA|E33ac,scenario1
bhvx:1_OUto3icGJn4AACV1,OBp1wUqA|E3754,scenario1
bhvx:1_4d1ctb4mEXkAABxo,EqqhhYqA|E1228,scenario1
bhvx:1_CLGqINHgKtAAABdd,mFZC+YqA|E2d71,scenario1
bhvx:1_obN/U9xIgtEAACJW,8D5DLEqA|E2727,scenario1
bhvx:1_xsltxAsjucEAAI7J,GfSwYIqA|E1c20,scenario1
bhvx:1_Y9dVJJuQZkQAACTJ,JExA4UqA|E239c,scenario1
bhvx:1_91WiYD4F7S8AACdV,c0bv7kqA|E347e,scenario1
bhvx:1_FwvpN6IrjskAABw2,1UZeJoqA|E36b3,scenario1
bhvx:1_LqTbTcvtyaEAACH2,c6bXN4qA|E222e,scenario1
bhvx:1_bHGrRfp+bb4AADab,Nyri6YqA|E1bfc,scenario1
bhvx:1_PQuHofI8tboAAJ7C,AHNqnIqA|E1320,scenario1
bhvx:1_undg6yjraSwAAho+,7hLH84qA|E21ef,scenario1
bhvx:1_c4GQzMWlu4IAADGa,Ur6lKIqA|E1da2,scenario1
bhvx:1_kbwqwucYv7QAABrQ,/gvuhoqA|E3627,scenario1
bhvx:1_vnZZMWNPvkwAAJge,AuKoqIqA|E12b0,scenario1
bhvx:1_k/Lai38yK9oAAF1Y,PZ48JkqA|Ef84,scenario1
bhvx:1_FPupbqTasXAAACT/,T3AvRkqA|E227a,scenario1
bhvx:1_dmnf5sb86kMAACuZ,Yo9aGUqA|E269e,scenario1
bhvx:1_luPh7dyNqt0AAGDe,StvCJkqA|Ee7a,scenario1
bhvx:1_hh/FYcevhWMAACPL,bhQmvIqA|E1ae6,scenario1
bhvx:1_JTTDxDl3tqQAADlS,o5J5GkqA|E3925,scenario1
bhvx:1_nXzBy+qzHpMAACgI,3PVGvIqA|E3403,scenario1
bhvx:1_c4r5nHrC4hsAAENo,aMIZCkqA|E32ae,scenario1
bhvx:1_62omlePzPsQAACIp,C9ITS4qA|E1e28,scenario1
bhvx:1_BO97juNfayUAAAfn,TZ+2hYqA|Ef22,scenario1
bhvx:1_22huvEvNn3kAABhQ,bUxp0YqA|E3366,scenario1
bhvx:1_10Waiosyi/QAABhN,sfwo84qA|E3875,scenario1
bhvx:1_0CZQTLmZS80AADYU,06WABEqA|E328b,scenario1
bhvx:1_TqctgGlihM4AACke,mBcmsoqA|E3841,scenario1
bhvx:1_PR4IrSqSCYsAABER,54SO6oqA|E169f,scenario1
bhvx:1_kMe9O1YHG+QAACTL,CCwddYqA|E33e8,scenario1
bhvx:1_KyDPHSK4SWsAAEKO,ltgcnYqA|E3999,scenario1
bhvx:1_FrnuJVfEjOcAAFXz,IGLTIkqA|E30b4,scenario1
bhvx:1_aty1JajBy+EAABg5,+1ypWkqA|E346f,scenario1
bhvx:1_jfBSFNVm1SIAAKqf,3zwfFkqA|Efd3,scenario1
bhvx:1_lhBY0nrne8cAABXh,De6If4qA|E3ff0,scenario1
bhvx:1_X91qRlhvI7wAAEYw,A0Ug4UqA|E32d8,scenario1
bhvx:1_KNR/aBCoq7MAABGa,7IkehYqA|Efb7,scenario1
bhvx:1_i+4segOUP+EAABGz,oKkxz4qA|E308d,scenario1
bhvx:1_4X5AKfC5FkIAABFB,ZQaJrwqA|E3226,scenario1
bhvx:1_+BCixRTxm18AABTS,Ymn54UqA|E3a36,scenario1
bhvx:1_cHgSpHqO7VoAACSO,g3T/YYqA|E3421,scenario1
bhvx:1_g+6SeTlQC2cAAEQz,rmqx7YqA|E3e75,scenario1
bhvx:1_XrmRXVtY7ZcAAB3P,LeahCkqA|E1fe4,scenario1
bhvx:1_na9S39df3qQAABlU,9dQxQoqA|E33af,scenario1
bhvx:1_en6oEedKJbgAAB03,qYgpLEqA|E2f4d,scenario1
bhvx:1_GXorGQkWQIUAACJS,mxh44EqA|E2711,scenario1
bhvx:1_/UAKYGRdBIQAALZq,5PTG3wqA|Eaf7,scenario1
bhvx:1_9njP/qz0myAAAAOz,MttY2EqA|Eb8c,scenario1
bhvx:1_z/smgACN3YUAAERT,BsPQTIqA|E1d28,scenario1
bhvx:1_9wyOSsutwgAAABrZ,BLUf7kqA|E32c8,scenario1
bhvx:1_X3YI1F2eNm8AABO0,XcwhHIqA|E3612,scenario1
bhvx:1_sxMx7Hm7tGkAAC8x,jfeFVEqA|E1e61,scenario1
bhvx:1_+Bh4JA4c4kQAAadG,lv53xkqA|E269,scenario1
bhvx:1_XJ3XX8SDsJsAAPzZ,3HriSwqA|Ef9b,scenario1
bhvx:1_oXeYLHmpP0sAAFzW,Xgd8UUqA|E38da,scenario1
bhvx:1_6DdIXo7QsmsAAKnM,boiLiYqA|Ea06,scenario1
bhvx:1_vE3iZDZdxiwAAPcf,IoT/NwqA|E1214,scenario1
bhvx:1_khtwrHR1lKYAADWw,+2bIrYqA|E3437,scenario1
bhvx:1_wALAtvqeCpUAABrw,GkVEDwqA|E3318,scenario1
bhvx:1_zXGZ1sxEBkEAABKP,O/oLlYqA|E33e4,scenario1
bhvx:1_hA2fU0XrTT0AABbx,MkbYMYqA|E2d6c,scenario1
bhvx:1_Ak51Vrh+HZQAAZ8Q,PqZKvoqA|E395c,scenario1
bhvx:1_S7YgDLC5GgUAAafB,KXRT84qA|E1234,scenario1
bhvx:1_EBWNso8CHGwAAAy2,3uwvbwqA|E1d9b,scenario1
bhvx:1_7CyP+Wa/85sAACQx,/qkU6oqA|E1c57,scenario1
bhvx:1_52W6+wvOszsAAD3m,TIRKAYqA|E1eaa,scenario1
bhvx:1_pDFl8rPWMMQAAHeK,UHlwI4qA|Ebea,scenario1
bhvx:1_fDO7UwfdCTgAACNZ,RX6OXwqA|E1d12,scenario1
bhvx:1_w7DK5so3EvwAAbHW,ScqPCYqA|E97a,scenario1
bhvx:1_EVBrUrf5dG8AABTi,oHE5IYqA|E202d,scenario1
bhvx:1_eKwHX1lpyBcAADgm,0iTeYwqA|E192b,scenario1
bhvx:1_7TCBTiiJLGYAAEFu,q8QTawqA|E3acd,scenario1
bhvx:1_J5Suta0ooesAAFnn,AMV7QUqA|E16d8,scenario1
bhvx:1_3tWyntcTMQ4AAQRc,/ctZT4qA|Ead7,scenario1
bhvx:1_d8EOV7Qafe0AAART,GCZeSEqA|Eb88,scenario1
bhvx:1_wmUan7a2IyYAADfs,lZYeGUqA|E1869,scenario1
bhvx:1_xpprSVEyVpkAADxx,hqQKxkqA|E3a21,scenario1
bhvx:1_GdxZHfmyoKIAAHD5,86Sq6wqA|Ec3f,scenario1
bhvx:1_MEfHbT0RB84AACMw,VfUsmwqA|E1c02,scenario1
bhvx:1_8DDUtBXAvRkAAH+e,f4bzN4qA|E39ae,scenario1
bhvx:1_Rcxq5WhRzE8AAPo4,MqP29wqA|E331c,scenario1
bhvx:1_3TZ20E+iD5EAADlL,1plsiwqA|E3213,scenario1
bhvx:1_JbS0eQ/EoPQAAHTQ,0UyHFoqA|E1293,scenario1
bhvx:1_U++BhpKZ9fYAAD8W,uxq4zYqA|E1e1d,scenario1
bhvx:1_52TpfyqvusEAAK9B,avNllkqA|E12ae,scenario1
bhvx:1_vcRz5/Qm/bMAAD8r,hfJrjYqA|E1f89,scenario1
bhvx:1_NpKaY7GdylwAAEGs,OgcgNoqA|E3d2c,scenario1
bhvx:1_rqlCimM3Ko8AABgo,qcQEZIqA|E33a5,scenario1
bhvx:1_NUsaY/lpiHQAABaC,3beL6wqA|E31eb,scenario1
bhvx:1_xkVqng/ENjAAABTU,uNVRrIqA|E3695,scenario1
bhvx:1_PsBuK9t/hWYAADNe,HPo5zIqA|E1a68,scenario1
bhvx:1_H1ypUh258YwAABmt,D3eDOoqA|E33b8,scenario1
bhvx:1_/JKvP3IEI84AAB/K,kicLWEqA|E3901,scenario1
bhvx:1_OPMaP+pqm2gAAGCg,tYlP4UqA|E145d,scenario1
bhvx:1_zvQ5T3VJNAMAACAJ,V8FkqkqA|E254a,scenario1
bhvx:1_PmrogGE7a/gAABr7,mBx3M4qA|E3d81,scenario1
bhvx:1_SHnbMRw9UyAAACTk,8idpT4qA|E2a77,scenario1
bhvx:1_fyB9nBx/NhwAABfv,YgUAZYqA|E2d76,scenario1
bhvx:1_l0h7/o5Ft6cAAHyt,SWcbMwqA|Ecfa,scenario1
bhvx:1_SVhrln+NW1cAABKa,pojthoqA|E33bd,scenario1
bhvx:1_uqlSY+vp0EwAABjL,sCaaXIqA|E2d4d,scenario1
bhvx:1_NHRuRYssqMsAAEnS,fLwhgYqA|E2f0e,scenario1
bhvx:1_lHMTCeBTDq8AAEL7,DiwA2YqA|E1de8,scenario1
bhvx:1_uQDPOC68/S4AALd5,kf9gcUqA|E1101,scenario1
bhvx:1_O1Dj0mx/KzsAAB+c,5X3RQoqA|E3407,scenario1
bhvx:1_himD792TiMsAACOk,rEuxeIqA|E19dd,scenario1
bhvx:1_/1gZ2E6sm5oAACJV,fHlkMYqA|E1ebe,scenario1
bhvx:1_9zgCwP55Y9kAAAy9,KZpPjwqA|E1424,scenario1
bhvx:1_ulmmQMz0fnUAAGrh,qQtq6wqA|E150d,scenario1
bhvx:1_FI0ukuLtxLQAADUJ,Gvn9w4qA|E36d8,scenario1
bhvx:1_FMo6wZ3ZVCAAATU2,z1tF4wqA|Ecfb,scenario1
bhvx:1_neELcS6Dy5MAABEu,rl3w74qA|E2a7d,scenario1
bhvx:1_JGSUjIl0/vQAACVb,eB8RlYqA|E1df6,scenario1
bhvx:1_D7dJS4TeTYsAAJ41,7Ur2pkqA|E38c7,scenario1
bhvx:1_l3+mdvhmT8oAABO8,4lzGFkqA|E30cf,scenario1
bhvx:1_+J0k+7wtsdQAAaqv,M7XT84qA|E129c,scenario1
bhvx:1_kSSNsSElSG4AADIy,y/wHtwqA|E3acb,scenario1
bhvx:1_ppkHwy6lb7oAAD+t,H6JrAkqA|E34b0,scenario1
bhvx:1_DC9Stgxl2jQAAC74,mj4p9YqA|E1e21,scenario1
bhvx:1_wi2vYb4jNtcAAB1+,92NaNYqA|Efe7,scenario1
bhvx:1_NlzkIxuxpHAAAFGV,n+WuqkqA|E3b11,scenario1
bhvx:1_lkm+jGXNFaUAAB3C,qJcbnEqA|E39d5,scenario1
bhvx:1_L2dqI9xySGMAADFQ,SQzLywqA|E19a2,scenario1
bhvx:1_LhcG5/tOup0AAGSL,DWnESIqA|E1b40,scenario1
bhvx:1_tH0bYo0st4cAADFx,6EqcHIqA|E307f,scenario1
bhvx:1_FW0u6hPBMboAAGdG,evYS6wqA|Ef9e,scenario1
bhvx:1_3JsMtO77cDkAAPnr,dob8BYqA|Efb6,scenario1
bhvx:1_zJHWtHkSgqQAADl6,0onyP4qA|E3d6b,scenario1
bhvx:1_2oVfEW+qbk0AAQum,mR3/AkqA|Eaf9,scenario1
bhvx:1_7qCYc6MliMQAADc1,w4d1PkqA|E3a2b,scenario1
bhvx:1_idyewznBRX0AAB4j,Lr7B4wqA|E6ec,scenario1
bhvx:1_kpNdFLbmxksAAC5g,TbxXI4qA|E2072,scenario1
bhvx:1_ysdIxj046VAAAAK5,6va+pYqA|E767,scenario1
bhvx:1_n3lZFaTpiWAAAKkq,5xNvFkqA|Eaef,scenario1
bhvx:1_mRvnO1QUZLQAABxW,FWWw3kqA|E1868,scenario1
bhvx:1_eXrxl+g1VSgAACjy,SgU9gYqA|E385a,scenario1
bhvx:1_C/fErkX4Lg4AACaN,+GpFLEqA|E1fdf,scenario1
bhvx:1_4V2215t9j+8AACJJ,x34N9EqA|E2723,scenario1
bhvx:1_g7hdni0y1TsAABqY,ApjRQoqA|E2ec8,scenario1
bhvx:1_BNQjUVHwL6wAABEu,VIu5mIqA|E3232,scenario1
bhvx:1_1UkqUr3GRCMAAPdo,pa04SwqA|Ecfd,scenario1
bhvx:1_cl3f5qhc5i8AAHTs,6agOrEqA|Efd7,scenario1
bhvx:1_cYBYahZdoBUAADJp,sqqirwqA|E338d,scenario1
bhvx:1_UR61zrsNFkkAABWX,aNv1vEqA|E3b06,scenario1
bhvx:1_KTI/p3tmz6QAAC5a,uhTuhoqA|E2a45,scenario1
bhvx:1_dlkntkMLDSYAAEDN,9q5GiEqA|E33ff,scenario1
bhvx:1_4TdHi2G2O7wAABJc,vFELCEqA|E3445,scenario1
bhvx:1_Ne9D/fpQOaYAAZ86,EHEmeoqA|E3aa8,scenario1
bhvx:1_BOVDcJBG0t4AABTM,IxXFaYqA|E3984,scenario1
bhvx:1_uySao9sLOikAABhS,PXxsrEqA|E38a4,scenario1
bhvx:1_fwlASb9L+CkAACTD,e9pL6EqA|E370e,scenario1
bhvx:1_X6bv/6YdL9wAAF09,efZs/IqA|Eb3e,scenario1
bhvx:1_rtsxyOIs42gAAAzG,urQvbwqA|Ebad,scenario1
bhvx:1_mrcCalrRnGIAABPL,nAZmKwqA|E2d21,scenario1
bhvx:1_gU2DCalRqkYAABr9,8cKeykqA|E372f,scenario1
bhvx:1_PhsTMSI6LKoAAPc6,rVUPI4qA|E1535,scenario1
bhvx:1_lEax/YnsAHQAADCU,eX1XPoqA|Eac6,scenario1
bhvx:1_ztKQcpPK7YAAABOr,2+V26wqA|E321b,scenario1
bhvx:1_oM4b65yqg/MAABd0,gUAiJIqA|E3d01,scenario1
bhvx:1_cfl8X/Y/eMwAABnA,iekeKwqA|E3051,scenario1
bhvx:1_p5ppPy0SLNIAAcop,2iyW+kqA|E4e3,scenario1
bhvx:1_sKD7Xv5xdVEAAAdw,uPTOBIqA|E110d,scenario1
bhvx:1_ndZLvUDtTJoAAGXQ,fhYaMEqA|Ede6,scenario1
bhvx:1_pGO6Vb/56oEAACRg,GFKuhoqA|E1cd8,scenario1
bhvx:1_ht4u26uzfx8AAFKb,lX+o2YqA|E3d41,scenario1
bhvx:1_uzez07vj30YAACIV,llMQc4qA|E2489,scenario1
bhvx:1_7rOYE8ta1KcAABnV,q37jaEqA|E366d,scenario1
bhvx:1_kNUwEP1DkggAAHTB,JFy6VkqA|E1244,scenario1
bhvx:1_0Tp9daDxTtYAAHUD,4v1UBYqA|Eae7,scenario1
bhvx:1_l1C5ha1kxxwAACaZ,n9g1mIqA|E1969,scenario1
bhvx:1_l1EvzWpko8MAAHAJ,T96T2EqA|Ed12,scenario1
bhvx:1_lyB/GD71Z80AADN1,paE0wYqA|E1ea5,scenario1
bhvx:1_z50RbE99Xc0AADdp,/AyFxIqA|E3687,scenario1
bhvx:1_OZWqz7sVo6AAABrh,TKq60EqA|E3702,scenario1
bhvx:1_wgDLmosIEsMAAEnR,WPpxvkqA|E30da,scenario1
bhvx:1_6RsR+D2Di1IAAAvq,514Yx4qA|E3eef,scenario1
bhvx:1_X3QfcoBaqhQAACIX,qmTpfIqA|E1aed,scenario1
bhvx:1_BGGSdqog9hsAAEAb,MNIJNEqA|E3294,scenario1
bhvx:1_pvEMIhIW3RgAACE5,mAMeykqA|E30b9,scenario1
bhvx:1_/vsU5qmFN00AAZ/V,YnL8TwqA|E30f6,scenario1
bhvx:1_h1nXlsxGJh8AAB0k,SMVVxoqA|E36b2,scenario1
bhvx:1_bVtZS8Ulg0kAAC2P,06XLqIqA|E3603,scenario1
bhvx:1_V8hO0VadQBMAABEo,fdRL7kqA|E30de,scenario1
bhvx:1_vE6MyyrXoH4AAJOM,+vBD+kqA|E30c7,scenario1
bhvx:1_N8MpEiyCHpoAAGSj,bEunSYqA|E2a5e,scenario1
bhvx:1_2Mui1nk2RzwAACMF,w8Gi3oqA|E1b7b,scenario1
bhvx:1_1EvpO64DHNcAACFO,/yIhhYqA|Eb7f,scenario1
bhvx:1_AU9ykC0cxkYAAB4S,rZFXfEqA|E3725,scenario1
bhvx:1_G80O/Ui8z2YAAAx8,PTZPjwqA|E80c,scenario1
bhvx:1_0UNJti/FWYoAACOZ,xXqeykqA|E2363,scenario1
bhvx:1_nGSjdd+uZaQAACHM,9h5nb4qA|E2327,scenario1
bhvx:1_jFegaWjj3iMAADBT,2mwoFkqA|E3743,scenario1
bhvx:1_KxeqBfVAKmEAAPmH,ie+RCwqA|E2bb9,scenario1
bhvx:1_95iAleJWTfMAADln,feEciwqA|E304e,scenario1
bhvx:1_mvlvdHlXVc0AAEHi,AsWYwYqA|E2030,scenario1
bhvx:1_uRF1UF/P91IAABWT,xsM0bkqA|E2f6b,scenario1
bhvx:1_QcIxMcFMzWwAAQsO,FylEcUqA|Ebf8,scenario1
bhvx:1_ytPKEpLyiDcAAJvH,tbIHSwqA|E2a0d,scenario1
bhvx:1_Mhnrsb8fipcAAC2V,jVwI5EqA|E36f9,scenario1
bhvx:1_3zChKwiQ8RIAAE55,7o25MYqA|E3cd7,scenario1
bhvx:1_Rah6gM/2qEoAAKyy,pL/63wqA|E1515,scenario1
bhvx:1_2Z3Jx2spM8UAAESW,U8oIrIqA|E1c3a,scenario1
bhvx:1_xruGTV7r2ZkAAHVx,AqBlekqA|E1240,scenario1
bhvx:1_dC+ZNmKDD3gAAKXl,JNz03wqA|Efa4,scenario1
bhvx:1_cbw7MTjJ6n4AAHct,0F2gNwqA|E1283,scenario1
bhvx:1_U2Sulk5CirUAAEAs,dqIvk4qA|E1e2e,scenario1
bhvx:1_rWQi/vBQTFIAACYf,b3ojukqA|E34be,scenario1
bhvx:1_lsDQfCQU8ysAACZz,CwoasoqA|E1c48,scenario1
bhvx:1_krfEqUBnDXUAABWd,5lW8jEqA|E3297,scenario1
bhvx:1_PPpp7HyIhyMAABWY,koZAt4qA|E3279,scenario1
bhvx:1_1HYC0KWFEgcAAHXD,FmZ1DEqA|Ef38,scenario1
bhvx:1_V+AyDCQUB/4AAA37,WxJ7DwqA|E2ea2,scenario1
bhvx:1_ooX1nzn6lS0AAGjS,Fqf4WkqA|Eef8,scenario1
bhvx:1_0Bfzeu/fbcYAAE0D,wNgSpYqA|E364b,scenario1
bhvx:1_hZhDuWxopgsAACTO,mAwRz4qA|E3489,scenario1
bhvx:1_DFmorQNUXDQAABZ+,Z+lxIYqA|E33ce,scenario1
bhvx:1_i3vzpsnKEJgAACSQ,KM/xZIqA|E360c,scenario1
bhvx:1_sh2KjS8y9hkAABo/,KKO9nEqA|E2f54,scenario1
bhvx:1_m+zlX1SVSnIAABdf,bnXBCEqA|E3446,scenario1
bhvx:1_mRWAA8B/+BIAAEQp,7zmjLIqA|E1a67,scenario1
bhvx:1_U9bmRZAHXV8AAEMY,O+AmOYqA|E2f1c,scenario1
bhvx:1_aaqdElBwqmAAABWc,gwct3oqA|E3419,scenario1
bhvx:1_O258/MwrmZsAAFRd,dWOoCYqA|E3e66,scenario1
bhvx:1_Kd9ELxyBtQwAADdO,vMHSk4qA|E2305,scenario1
bhvx:1_Kuy5ij+kDVoAAKrE,ca+v7kqA|Eb76,scenario1
bhvx:1_ZApb7FPhIZIAAECr,7Y8KGUqA|E25a7,scenario1
bhvx:1_MPLWb1dV+SEAAEm7,/sCamkqA|E3a17,scenario1
bhvx:1_QEZr3M74IoUAABEY,dxVW6oqA|E2d56,scenario1
bhvx:1_DqjvML0KSJkAABra,KysplYqA|E2f24,scenario1
bhvx:1_YYj+eBg8QbUAADA/,BDgSo4qA|E1fa0,scenario1
bhvx:1_QS2pGGVPq/cAAEQV,NaNqr4qA|E3c0c,scenario1
bhvx:1_DNp2GRN5P40AAFkE,Z5j+HkqA|E1a0e,scenario1
bhvx:1_DCRaS9AB8JcAAEF8,+Qn4DwqA|E2e9f,scenario1
bhvx:1_aZE+C82Ayt4AACEM,qcX1PkqA|E30dd,scenario1
bhvx:1_pJbBNoHgRkAAAFJG,+PtNqoqA|E3d17,scenario1
bhvx:1_FQPHQdp1U1IAAC8/,+PrirwqA|E2a1f,scenario1
bhvx:1_psq6BQ7LKQ8AABdN,uKr0TwqA|E1a35,scenario1
bhvx:1_URTP+i5cLGcAACM1,3thg1wqA|E1943,scenario1
bhvx:1_pvXZmnCv4aIAAKDV,RCrfGwqA|E3382,scenario1
bhvx:1_qA6y2wabKw8AABrp,iiWSOoqA|E2a41,scenario1
bhvx:1_733Hdjx4V8sAAFHb,g3bXhEqA|E3899,scenario1
bhvx:1_y0XcvD+Qk5MAAHVU,weqYSwqA|E120b,scenario1
bhvx:1_yrfSogHlJlYAABKP,b4ftXwqA|E3066,scenario1
bhvx:1_UUfNy+MzMrgAAFz6,vViPuoqA|E3625,scenario1
bhvx:1_w4pwG26Rsq4AABdt,JSKf5oqA|E2f04,scenario1
bhvx:1_9HUWjgFJ5LEAACN5,XtKLWEqA|E271a,scenario1
bhvx:1_UMJdQYjlVi8AAAy3,ZTMJ0EqA|E2af6,scenario1
bhvx:1_k6GxzJa4Ee4AABBp,Bf+z4UqA|E1598,scenario1
bhvx:1_y5JgQdtfOPYAAP4T,6MPkukqA|E32b7,scenario1
bhvx:1_wnbUeCVltuQAAC/4,Bkvyk4qA|E2498,scenario1
bhvx:1_bMAD6VyAAR8AACIV,fKw7+YqA|E21c6,scenario1
bhvx:1_y98iQufDH24AACpm,KGSt4oqA|E361c,scenario1
bhvx:1_7YjIjcb//tIAACYm,KBNjukqA|E30c4,scenario1
bhvx:1_r7Y9caweG9wAACLX,xMAiHIqA|E1bbb,scenario1
bhvx:1_Nlbpnzv0Ek0AABx5,oHzsBkqA|E373d,scenario1
bhvx:1_aKUr2Bj0NrsAAVbO,Ah1P8IqA|E1308,scenario1
bhvx:1_ZJzOvn0NRmkAABWY,ewY2EoqA|E36a6,scenario1
bhvx:1_khqRfdh5jtgAAB29,BFokFoqA|E2188,scenario1
bhvx:1_tqUVlR56G5YAAB24,yRgRk4qA|E248b,scenario1
bhvx:1_i6mc7YidPkgAACDL,Kmx1YYqA|E1ebc,scenario1
bhvx:1_zu+0NDoaBzgAAZLg,r9gEswqA|Ebe5,scenario1
bhvx:1_Bf5vJKDv7SgAACKT,17dSw4qA|E20fb,scenario1
bhvx:1_icyGKmcjqZYAAPpG,3Ny28pqA|E12a3,scenario1
bhvx:1_E33QELrR7tkAABPu,dlMhiwqA|E2ba6,scenario1
bhvx:1_OrqyoopKYX4AAKcx,09BSsYqA|E3643,scenario1
bhvx:1_YTmqsHPDQ2MAAPct,532y9YqA|Ee6f,scenario1
bhvx:1_Z9GYtm/VtcsAAKmo,oyfukUqA|E3a8d,scenario1
bhvx:1_7jBNbdkoBfUAACr6,R1UqlIqA|E382a,scenario1
bhvx:1_lLBbBuiUo3AAAZ9D,SiHzDYqA|E351a,scenario1
bhvx:1_36jImy5Gn8wAAC6T,ldIozIqA|E3239,scenario1
bhvx:1_qxZM9kmgvUEAAAzI,eqQvbwqA|E3ae,scenario1
bhvx:1_ZpimUowvYgUAADgj,LqZn9EqA|E30a4,scenario1
bhvx:1_F2PtIgHdqkoAAA6P,0L45I4qA|E1e23,scenario1
bhvx:1_1eGGMaFDc2IAACdR,Q0zs0YqA|E203a,scenario1
bhvx:1_hZIx+/G7pyEAAImA,9rDTXkqA|E3937,scenario1
bhvx:1_GoeUpbltMeUAAByi,3URE/kqA|E15db,scenario1
bhvx:1_V1hVdvSiCyAAATWs,IP1YswqA|Edf4,scenario1
bhvx:1_XZgYDgDyJ/wAAAhP,bF2CtoqA|E3206,scenario1
bhvx:1_osk9ifbxG5QAAWPU,sxqI4YqA|E1295,scenario1
bhvx:1_8WcC++w0dgYAABvk,Bg4rboqA|E1dd8,scenario1
bhvx:1_rCe7UpgHOBoAADwi,CSH144qA|E2118,scenario1
bhvx:1_S2sPr7SmwTkAADX3,e/3RVEqA|E3d7e,scenario1
bhvx:1_zUA5TEeLPnwAAZ9u,NqyscwqA|E32ec,scenario1
bhvx:1_nUsWaapwXm8AABdl,APHQ0EqA|E3280,scenario1
bhvx:1_l77/K4RlSGIAALME,GE2YOEqA|Ec10,scenario1
bhvx:1_eJPrSDSpXBcAAEFo,NGnVVEqA|E3f5c,scenario1
bhvx:1_TeG5dAlVLHwAACrM,XCs6AYqA|E2f0a,scenario1
bhvx:1_nA1N/zCX8VMAAKbh,aK3QnkqA|E153e,scenario1
bhvx:1_bMWhRqHx+q8AABaQ,napXiEqA|E3709,scenario1
bhvx:1_zFjEN88LS3MAABJ0,RIf5AYqA|E33ca,scenario1
bhvx:1_00yfErIlRKIAABTy,craSEUqA|E34de,scenario1
bhvx:1_BPjJ9+WTwSQAADkx,bjC9nEqA|E3a06,scenario1
bhvx:1_YzElMWyxTjkAACOH,phCpN4qA|E1e3d,scenario1
bhvx:1_o8svN8FK4yQAAIZc,9G/iuEqA|E344f,scenario1
bhvx:1_s6n+/bSLFj8AAPxR,p5jLRoqA|Ea55,scenario1
bhvx:1_oAvACP1ocPYAAKwS,2q3lHkqA|Ef43,scenario1
bhvx:1_DUZ7HH9KTlAAACaO,M5zknIqA|E1a6c,scenario1
bhvx:1_JgNazNqKr5QAABWh,TwZzOoqA|E3622,scenario1
bhvx:1_vo4YPYtAcMwAAOLy,qGRggkqA|Ebed,scenario1
bhvx:1_JeRFblds78YAABHD,WUMsjYqA|E21e2,scenario1
bhvx:1_uE9/sh5zt98AAPo1,BTTPI4qA|E1298,scenario1
bhvx:1_m7RZ4I9RgSwAA03+,D6B3hoqA|E700,scenario1
bhvx:1_WZ9Rw0eTlcsAAAy8,ZMHPiYqA|E3646,scenario1
bhvx:1_YGzfl4cQs3YAADZA,KEUAEIqA|E1b3c,scenario1
bhvx:1_1Ylbo8/HNPwAAESH,u3GWA4qA|E2f2d,scenario1
bhvx:1_g1Y07qYYgskAAEWh,/xGskUqA|E239f,scenario1
bhvx:1_uj8oLEqdKXEAADyE,kPkYWkqA|E2751,scenario1
bhvx:1_7R1HkuUG/CcAABaM,BCDT6wqA|E2a08,scenario1
bhvx:1_aOLTgRGioWEAAC3c,2ciK8kqA|E254b,scenario1
bhvx:1_ZSGea95OOgMAACCZ,FlDXoYqA|E3b00,scenario1
bhvx:1_T0LrSLpKjXQAAEoh,5mTDOEqA|E309f,scenario1
bhvx:1_QXF+hrOtZHsAACNl,UjF2wUqA|E1462,scenario1
bhvx:1_I4Sjyr+P5agAABEl,AzjW6oqA|E2bf8,scenario1
bhvx:1_wwJm+sO9TcsAAB2p,1iHZBYqA|E1c7b,scenario1
bhvx:1_FfSj7q7zdWEAABhf,FzSGO4qA|E39a8,scenario1
bhvx:1_0Oai9iFsopEAABWT,8mQCrEqA|E390f,scenario1
bhvx:1_QIZW7D5ijwkAABVV,wSmIekqA|E30c3,scenario1
bhvx:1_JarFw9PXra8AABdi,owgGAYqA|E335d,scenario1
bhvx:1_37kEVS0vYqYAACVF,NpkV3EqA|E3724,scenario1
bhvx:1_GD2aWjnj4UkAAPXi,JARh7wqA|Ef14,scenario1
bhvx:1_t2vEkVSwvP0AAB8z,sf4iWkqA|E15d5,scenario1
bhvx:1_BvX3Mfzk4AUAAPnj,FLRkVwqA|E2e98,scenario1
bhvx:1_zW4X2x0+k1UAABhi,A4YMGkqA|E39d8,scenario1
bhvx:1_18lVLi0UheMAAGR5,U4hKRwqA|E2a1a,scenario1
bhvx:1_3RgjenWo5IEAAPj5,SoygPkqA|E3b22,scenario1
bhvx:1_mBpTyajZwQQAAC3W,LADVUYqA|E33d4,scenario1
bhvx:1_7XQGInJJLZIAADB7,WMpbu4qA|E3cfa,scenario1
bhvx:1_/zcgMLAuT2kAAFt6,CoO7awqA|E1210,scenario1
bhvx:1_yw13FCcnwS4AAZ/m,P2y+GwqA|E3b54,scenario1
bhvx:1_MxQy4O0FE7YAADi4,VbgmY4qA|E1e22,scenario1
bhvx:1_U8gIyX/QvJUAABPN,YpPVJYqA|E342e,scenario1
bhvx:1_0S5YV/6UwcAAACge,UoZABEqA|E3672,scenario1
bhvx:1_dJQhxHXIri8AAKoY,1fylHkqA|Ee7b,scenario1
bhvx:1_Y5CpO56+iIsAAHQp,boAUWkqA|Ece6,scenario1
bhvx:1_6q/Lx8ELFvAAAZ+7,giP/OEqA|E3aa9,scenario1
bhvx:1_YpgZJlbd928AAPi/,mouGo4qA|Ef31,scenario1
bhvx:1_0QoaIXB9mmwAACSd,6d8oFkqA|E392f,scenario1
bhvx:1_tcViBvmuZrgAAB2P,RI75wUqA|E34da,scenario1
bhvx:1_cH16RruR+qMAABlB,Z6NEfkqA|E3b2e,scenario1
bhvx:1_kb2eWEuV2McAAHTE,dxE34wqA|Ef96,scenario1
bhvx:1_Q+tQPJPTFbUAAB0i,GOYcDYqA|E3378,scenario1
bhvx:1_Qxiwl0HqZLoAABeB,Ox+gIkqA|E2f5c,scenario1
bhvx:1_b5RKdY+e3BkAAJRI,k5Wm8UqA|E34e1,scenario1
bhvx:1_bZslGXyFIc4AAvLY,WKLKvkqA|E240a,scenario1
bhvx:1_OqEuerxJHjoAADw8,fUJbLEqA|E3f56,scenario1
bhvx:1_qcUmGOL/LYMAACOs,kuY+oYqA|E20c1,scenario1
bhvx:1_N3/tky4bpPIAAPFQ,ZolqRkqA|E38c6,scenario1
bhvx:1_VqxHcyJKScMAAGNC,FPojHIqA|E10a8,scenario1
bhvx:1_qiq3VzO1Di4AACNI,wZI4zIqA|E1dab,scenario1
bhvx:1_CBq8iTBimGwAABd4,7nnNqEqA|E2f3f,scenario1
bhvx:1_N+/9gqVoxhkAABhS,nWR8nwqA|E3061,scenario1
bhvx:1_CqquQGpmcsQAAQLP,3L/fAkqA|E108b,scenario1
bhvx:1_ZRjpTM7cCx8AANOy,Hmp1/EqA|Efd8,scenario1
bhvx:1_LPFCGNBKiUQAABrM,AkIehoqA|E2ed0,scenario1
bhvx:1_9u1AeCKvWDwAAC2N,3Dwrv4qA|E348b,scenario1
bhvx:1_KA5xYEgsPtYAACJV,edHdE4qA|E1ef6,scenario1
bhvx:1_794FUyl93WoAAZ9A,biUNpIqA|E3b4e,scenario1
bhvx:1_T53JfwCFmFIAAZ/+,osl0rIqA|E34f5,scenario1
bhvx:1_J8vP+9VOIkQAAC+U,x3E6woqA|E1bcb,scenario1
bhvx:1_MVmYmFZiAukAAB+2,doHSd4qA|E212e,scenario1
bhvx:1_ZxKk2MUr3owAAE7n,cfPWoYqA|E3e5e,scenario1
bhvx:1_ttn7rWbnxMIAABaB,LUzhJkqA|E32bc,scenario1
bhvx:1_uMw5ocpisg8AADgN,NgCTGoqA|E2d54,scenario1
bhvx:1_kDMbKNK2BQQAAA/W,0WbxDwqA|E338b,scenario1
bhvx:1_q9v+0vrCLUYAACaW,q+cjE4qA|E248d,scenario1
bhvx:1_oJYoRRZyDvIAAFyB,sJmlvkqA|E1a0d,scenario1
bhvx:1_BAaBjbffcSoAACqs,8o0VOYqA|E1ecf,scenario1
bhvx:1_GrYBF3hS0b4AAFpI,JXH8JkqA|Eb74,scenario1
bhvx:1_5tFycUzfeq0AAEd1,zQfLCEqA|E3efb,scenario1
bhvx:1_AkLcb3dN5NEAAAfE,ruqIcUqA|Ec95,scenario1
bhvx:1_C5lFsAL1UlYAADEp,rQ69w4qA|E2efd,scenario1
bhvx:1_TgNkubnG1+0AAC6C,99f6vIqA|E2bef,scenario1
bhvx:1_QMyX8OdI9HwAAaAm,Kr0+ZYqA|E30fc,scenario1
bhvx:1_dDP6oq3XpwAAABf1,XAt+XIqA|E3342,scenario1
bhvx:1_ZOCwTwHMKDwAAHcu,M3pHsUqA|Ef44,scenario1
bhvx:1_pkzrORMPcpQAAKla,t5e03wqA|E1245,scenario1
bhvx:1_3njdA9X224UAACRn,0LVjukqA|E255b,scenario1
bhvx:1_ASc/6oKliz4AABEo,sYLu3oqA|E3255,scenario1
bhvx:1_ECbuvYotwosAAAtj,IX+u+IqA|E90c,scenario1
bhvx:1_HXpRH3m/bqAAARvZ,RKOZVYqA|Eb82,scenario1
bhvx:1_QG3tzU9fnDgAAGTr,7LbZWkqA|E38bf,scenario1
bhvx:1_SQhF+IU+Ek0AACpa,/l96ZkqA|E15d7,scenario1
bhvx:1_Gvwf0JYOF2QAACzP,oyJm1kqA|E1925,scenario1
bhvx:1_UDrvfUmzss4AAFFv,E6tuQYqA|Eaf8,scenario1
bhvx:1_ipL0nYKaj+sAAQO0,ss4kSwqA|Ee2d,scenario1
bhvx:1_znWL4IXNZt8AAEUb,UJDKmIqA|E3682,scenario1
bhvx:1_zzTnv1ANGGAAAB6b,hZ7jakqA|E1919,scenario1
bhvx:1_/HsQH9IMvbYAAB1N,7c9EMUqA|E3a37,scenario1
bhvx:1_ZkL1XcwASKkAACPC,qiy6AYqA|E1ddd,scenario1
bhvx:1_k/n7Q/dKvRYAAHjo,8+e5BYqA|E2e1f,scenario1
bhvx:1_nB9H2Y+04MwAAHTG,GjdiMEqA|E1238,scenario1
bhvx:1_UTjT+nOUi1oAAPpM,y3rESwqA|Ef0b,scenario1
bhvx:1_RTgZiOEKGrQAABd0,voE1iEqA|E36ed,scenario1
bhvx:1_zje70UGfOZoAAGU5,59AA4kqA|E402f,scenario1
bhvx:1_lgiDdfmv4aUAAC3f,noyW8kqA|E2361,scenario1
bhvx:1_bLJj2sD54E8AACg+,cdjg8IqA|E31fe,scenario1
bhvx:1_qBASNYtDvZAAACJS,sPEN9EqA|E27ad,scenario1
bhvx:1_ma4NqBXWqlgAAD9P,4cqYY4qA|E206f,scenario1
bhvx:1_BQPuXL+0GCgAABQD,BmY42EqA|E3710,scenario1
bhvx:1_DR9atPHP7s4AAHS1,1nZd84qA|E1533,scenario1
bhvx:1_cG4iz7ZGLYYAACq1,3bz2U4qA|E21eb,scenario1
bhvx:1_WNRaG68zhCYAABGE,7+c9K4qA|E21f7,scenario1
bhvx:1_NoFN5nAbUB4AAFED,asylJIqA|E3336,scenario1
bhvx:1_8By/TPsS/kIAACSL,WLfc+YqA|E20e2,scenario1
bhvx:1_N8NblWEcd20AABPO,o9+he4qA|E3485,scenario1
bhvx:1_7pNZ0OZaLOEAABKF,bcKU/EqA|E32a6,scenario1
bhvx:1_lshDCd9P0zAAADkH,5eBuMwqA|E359f,scenario1
bhvx:1_g4/p7Jvbo7MAACKS,FgydqEqA|E2798,scenario1
bhvx:1_rjKMSckatGgAACHr,RPtEU4qA|E221a,scenario1
bhvx:1_1eZL7PnX8wAAAZ+C,n5Ge/IqA|E30f9,scenario1
bhvx:1_rhblzUc10yQAAQMy,Y8/fhoqA|E66e,scenario1
bhvx:1_JvRo/boD+KkAAG/i,eST0WkqA|Efd6,scenario1
bhvx:1_Ce+Krk1WmkEAADgZ,mfxOqYqA|E37f1,scenario1
bhvx:1_m9Lo30k/M0YAACRm,pU88mkqA|E225,scenario1
bhvx:1_GROWzGuzgA4AABPx,mPtCBEqA|E30a1,scenario1
bhvx:1_arG9HX5mf94AADgP,wH3vWIqA|E3073,scenario1
bhvx:1_2ICZ3pRgIhUAABvF,trrI9oqA|E2a4d,scenario1
bhvx:1_eVEjN+bBx7YAACcu,47hAy4qA|E1f57,scenario1
bhvx:1_L1wy5CWfRwUAADwJ,oUN2XwqA|E2bcd,scenario1
bhvx:1_N2p8OOwb29EAABEX,fz7oyEqA|E388e,scenario1
bhvx:1_CkmyP+46XQwAABeI,ICbmswqA|E2d1c,scenario1
bhvx:1_rTUe/rlRMhkAADP9,A/rZw4qA|E2110,scenario1
bhvx:1_l8Ma08k9BRgAACSU,l7CrgUqA|E2991,scenario1
bhvx:1_/FFAXPDUTwwAACPZ,mjeT8YqA|E1ec9,scenario1
bhvx:1_9EmLnW/PqMQAAPj8,8jFO/EqA|E1247,scenario1
bhvx:1_LAve4pvMGhYAAPo9,EeLe0wqA|E2d18,scenario1
bhvx:1_FT2mOygtCC8AAQca,ms3u5kqA|E32c1,scenario1
bhvx:1_SC5ILcrAHY8AABV2,tVJ2wEqA|E3d9d,scenario1
bhvx:1_dIV5bBTLso8AAEmf,s5+st4qA|E33f5,scenario1
bhvx:1_fFpRkX+huYcAABi3,/pemXIqA|E182f,scenario1
bhvx:1_jK2ZR6X6IMcAAKYY,m4a9ekqA|Ee79,scenario1
bhvx:1_E/kCWbBWjXUAAD7x,KepMokqA|E1fec,scenario1
bhvx:1_5aRGhxXFNAkAAP3Y,jYdcBYqA|Ec69,scenario1
bhvx:1_sy5E7YprxyYAAQbw,YVLKSwqA|Ed36,scenario1
bhvx:1_ETa5jKmNcCEAACDN,2XN3ZYqA|E2f23,scenario1
bhvx:1_H2DDdzt2DLYAAO2m,+KzWrEqA|E1547,scenario1
bhvx:1_n2y9VoEk4XEAABhN,MNd7K4qA|E3d5c,scenario1
bhvx:1_QpzW0V4YA9oAABaL,QnA0gUqA|E3b2a,scenario1
bhvx:1_Ysz3axvBELsAAOp5,oP7+0UqA|E3945,scenario1
bhvx:1_I+qDZ56zOBEAAASe,cnfgykqA|Ee96,scenario1
bhvx:1_v5RJW3AXgyQAADBc,NfOfEoqA|E3e3c,scenario1
bhvx:1_eaCpeWOsEAgAAAy/,8P/NbwqA|E1aaf,scenario1
bhvx:1_7VetynZf1NIAAPuW,WRExT4qA|Ebda,scenario1
bhvx:1_5uGEofSn3xEAACIi,WCATJYqA|E20ea,scenario1
bhvx:1_jjmpqoy/FFoAACZz,DsWUEoqA|E1bd0,scenario1
bhvx:1_3OmgQOQ8cOMAAE3Z,nVVNJ4qA|E3ef1,scenario1
bhvx:1_916ACswM6ggAADGc,wyJeeIqA|E2bdb,scenario1
bhvx:1_jAgROdzcefcAACIL,l6NyT4qA|E2131,scenario1
bhvx:1_ulk2W63jC58AACTY,fzbMuYqA|E3266,scenario1
bhvx:1_CIxQDTP1VhAAABWT,4ruCJkqA|E2f67,scenario1
bhvx:1_VQwOSqbJOGQAAH8O,nFiWjwqA|E3c91,scenario1
bhvx:1_Oy19/XLaTaMAADZ0,7z9BCEqA|E328f,scenario1
bhvx:1_814oJ7CR6yUAAD79,6khdLIqA|E1117,scenario1
bhvx:1_6cGb3HxJnToAADlm,mylKxkqA|E30c9,scenario1
bhvx:1_HPCIYKfMHk0AADgI,oGtDYEqA|E3ef5,scenario1
bhvx:1_VCUkUoJPtwQAAHS/,Vg1kk4qA|Ee72,scenario1
bhvx:1_lww0aethVT0AAPxI,uZ/iiEqA|Ee5d,scenario1
bhvx:1_qLvZka6hIUQAADgw,6S0gIkqA|E3b07,scenario1
bhvx:1_PWgsNs84oPcAAZ+B,bcUCmoqA|E376e,scenario1
bhvx:1_7Jv402rIqxMAAAx0,Pi5PjwqA|E13b4,scenario1
bhvx:1_nEg1+8xJpmQAACtA,VpBGvIqA|E3242,scenario1
bhvx:1_32Y5U6LDcXwAABlD,5TCvhoqA|E2bff,scenario1
bhvx:1_ZtUe1IJ3quEAABgd,dV74ZIqA|E175e,scenario1
bhvx:1_LVIaEQI12EIAAD/m,kvEcgIqA|E3179,scenario1
bhvx:1_eiH93OgV4A0AABye,TPnIyEqA|E370a,scenario1
bhvx:1_7JZoZHm51P4AABWW,7GmPL4qA|E2f37,scenario1
bhvx:1_mmdKLxi/kRoAACeo,SpKM6wqA|E1b12,scenario1
bhvx:1_cbEUfXEx2/4AABCb,qzVdiwqA|E30fd,scenario1
bhvx:1_8fqY9lFFYqEAAZ/X,ff4lSEqA|E34e6,scenario1
bhvx:1_WcOAdfHsRH0AABWa,Oi9ZM4qA|E365c,scenario1
bhvx:1_uRTpFRqeNPIAABiF,mHVdGwqA|E3059,scenario1
bhvx:1_mynJv6i7RYAAAHS/,rr9+84qA|Ef2d,scenario1
bhvx:1_XPR7eYnfvTwAAF3x,mg6irYqA|E3ce9,scenario1
bhvx:1_Ve2wPNoLXJQAABaX,CFlCwUqA|E3750,scenario1
bhvx:1_zf3MCXhT4ToAACHE,CtZdGkqA|E3f60,scenario1
bhvx:1_0xZEudK+MtAAAFtB,cjt9ekqA|E15d6,scenario1
bhvx:1_0gq1fwQU57oAAEL0,0czg4UqA|E3b33,scenario1
bhvx:1_sZQVMD2hE4wAABE/,nwVAXEqA|E3a09,scenario1
bhvx:1_8JsLikySWhsAAZ8l,xnRGhYqA|E3a53,scenario1
bhvx:1_CCWgTgMwMyUAAF8/,uH1zawqA|Eeb5,scenario1
bhvx:1_ZYb5/bh09bgAABZ9,aEIfOwqA|E3216,scenario1
bhvx:1_9+YoCtNM8N0AABDg,B5ssXIqA|E3e38,scenario1
bhvx:1_VGPgtA+KtkEAAafe,e7Sjy4qA|E1236,scenario1
bhvx:1_vE0xiCzi22gAACS2,WkgnoYqA|E20c2,scenario1
bhvx:1_kN+G7QHnt/MAACec,zl21UYqA|E36c3,scenario1
bhvx:1_jwgYQUMuhm0AACSQ,889kqkqA|E27cf,scenario1
bhvx:1_2G7LtOx9gv8AARDU,g8hNGIqA|E3071,scenario1
bhvx:1_E2q255n0QwgAACwb,3hHtdYqA|E3433,scenario1
bhvx:1_73F5tDarxu0AACOG,Z7bf+EqA|E24c6,scenario1
bhvx:1_LuZchNLk1HQAAHTK,s6dVokqA|Ef3d,scenario1
bhvx:1_jPWFmIkAbjYAABWf,3zWTokqA|E32ab,scenario1
bhvx:1_kaLXGO9uCzIAAL/m,VQB9DEqA|E1532,scenario1
bhvx:1_QB0ywEeId28AACqC,H4i1UYqA|E3640,scenario1
bhvx:1_2NiwXLvA8EAAABTe,DIJ7/wqA|E2bd0,scenario1
bhvx:1_y7ysmVOuG6AAAQm1,5JbvRIqA|E3077,scenario1
bhvx:1_M5bjY+hTF0wAAPxP,sgZsYwqA|E3215,scenario1
bhvx:1_wTH9876DQscAAHmC,W2fa6wqA|Eeba,scenario1
bhvx:1_85HQ+xfP/UcAAB2x,B4YplYqA|E2d78,scenario1
bhvx:1_Qe4FNgqdIpEAAaJt,XyQ6qIqA|Ebfa,scenario1
bhvx:1_5NmM8QBnEmIAAEN8,5JSXDwqA|E397f,scenario1
bhvx:1_p80SIhuljikAAB4/,5UWBoYqA|E33cf,scenario1
bhvx:1_442qLAc7YpwAAEYC,MONXj4qA|E3f3c,scenario1
bhvx:1_WU7KN62Z/nUAAFGt,BkHuSEqA|E2f40,scenario1
bhvx:1_Pz81/93+3okAAB0B,vNp/lkqA|E1855,scenario1
bhvx:1_7997qzc7L2MAADwg,ME+Db4qA|E33f4,scenario1
bhvx:1_h0WxsqRn0ooAABdr,2AOxIkqA|E34b3,scenario1
bhvx:1_q0puXqOqSzoAAAkT,K3/tiwqA|E3a4c,scenario1
bhvx:1_Yh4uvWiOrSoAADL5,oohLgUqA|E3a2d,scenario1
bhvx:1_sNwe7wZb2KgAABlp,p2reeIqA|E3075,scenario1
bhvx:1_ZXWm1nl/CpQAACJq,NuIwekqA|E2754,scenario1
bhvx:1_JqVS9owhQtgAABP8,SI4wgkqA|E30b2,scenario1
bhvx:1_tVb2Nuv31b8AABUe,5l+C4UqA|E3b2f,scenario1
bhvx:1_rJ+vIjasnboAABd5,r0e0AYqA|E2d65,scenario1
bhvx:1_uAoSyxHDqkQAAGZ0,Ailc/IqA|Ed48,scenario1
bhvx:1_A5EBvV4ss6UAAHVb,yze6o4qA|E12ab,scenario1
bhvx:1_C0GjiBNm2dsAACQj,2cblGkqA|E236b,scenario1
bhvx:1_cdWSD5zSgskAAHVk,UvqZrEqA|Ef3a,scenario1
bhvx:1_nhl14jxVQ1sAAEQL,XTpN4oqA|E33b2,scenario1
bhvx:1_NGNHg6PksakAAafB,VQ+lU4qA|E153a,scenario1
bhvx:1_/wgAYIlouoQAABWa,zro+3kqA|E32cb,scenario1
bhvx:1_Wnns4hB/BAwAACg3,/K6X9EqA|E3717,scenario1
bhvx:1_EMKlR8e4Mh4AAET2,YX8XJYqA|E3d46,scenario1
bhvx:1_ESch2PC73IkAAC75,WYQW8kqA|E24f2,scenario1
bhvx:1_v5ZEh72XAqcAAPur,uNfv6kqA|E346d,scenario1
bhvx:1_h/Mp+bpAPBQAAHav,RLMBNYqA|Efba,scenario1
bhvx:1_shMCKQ4XhcsAABPm,VvEX0YqA|E2a5a,scenario1
bhvx:1_+ym8wNWWnlcAADQP,RskP3wqA|E3ac2,scenario1
bhvx:1_aKttX18APZwAAD8C,BhwPuoqA|E1b00,scenario1
bhvx:1_TNZBN/lBvNsAAPf6,SaibRoqA|E1292,scenario1
bhvx:1_fQ8ZF49W938AADCQ,iZREMUqA|E3b31,scenario1
bhvx:1_v3QILOOJMCoAAB2n,XMHZBYqA|E1f32,scenario1
bhvx:1_+iJIckT6jlsAAD7w,hJXhEEqA|E3091,scenario1
bhvx:1_xJtZbmrJGggAAHeG,lKvyuoqA|E1291,scenario1
bhvx:1_/FKL8+tKzJMAAEAT,0aZTWYqA|E205b,scenario1
bhvx:1_e3sm8LTH2SYAAZ+c,yCaqaIqA|E395b,scenario1
bhvx:1_O5Uz57uALfAAAHVM,r8jgnkqA|Efcd,scenario1
bhvx:1_EjfOfrpVqasAABWP,gpxtp4qA|E3089,scenario1
bhvx:1_d2ZfUdhlqKMAACSl,CFc1xoqA|E33c0,scenario1
bhvx:1_IOoAMIuhgu4AAG0e,W/Zc6wqA|Ea3a,scenario1
bhvx:1_h9pVEeRFXFMAACIr,PdB6UUqA|E1864,scenario1
bhvx:1_R2Rra/YOqmgAAarH,fljjy4qA|E12a6,scenario1
bhvx:1_T/3oKkKSxqkAAPco,+9Fm8pqA|E1237,scenario1
bhvx:1_Gzj8PvF8pMwAABPv,U9Xx/IqA|E36a2,scenario1
bhvx:1_HRIQa9w/ZicAAHYM,3I337kqA|E1083,scenario1
bhvx:1_9trbzzNpANgAAEP+,IpWN24qA|E3b9c,scenario1
bhvx:1_1tUhL+HXZrAAAEgB,Z60AQYqA|E1ce6,scenario1
bhvx:1_a+oq9DMeZ4kAABsx,hNbuI4qA|E33f1,scenario1
bhvx:1_Dor+zhfFEmYAACM2,+CFSOoqA|E1bc7,scenario1
bhvx:1_PUzvDsXQuWkAACvo,09bpKUqA|E1993,scenario1
bhvx:1_m4IL11Ng4/QAAAZW,3S/1U4qA|E12e3,scenario1
bhvx:1_fBLak35/rjkAAE8M,hybj6IqA|E1c29,scenario1
bhvx:1_aRuVBeesFcYAACDr,e4o8HIqA|E2ebe,scenario1
bhvx:1_RDpjFdvbMjAAADNb,ixBXfEqA|E2f59,scenario1
bhvx:1_wkheBle2eT4AABHC,cq80cUqA|Ec1e,scenario1
bhvx:1_am1xwmmFxbEAAAuW,1LmzQ4qA|Ead3,scenario1
bhvx:1_5Owc9tufkXgAADJD,BCeT2wqA|E3e18,scenario1
bhvx:1_PsIOLAVpR4wAAEBP,cPumNEqA|E2256,scenario1
bhvx:1_x9x/USRJdHAAADPG,kB34MUqA|E32d9,scenario1
bhvx:1_iwlHGdo//oAAAf+v,rFgpCIqA|E1095,scenario1
bhvx:1_n490HANmdpkAAE59,mvbDFkqA|E38c9,scenario1
bhvx:1_A/h4zqr4xp4AAHSt,q+9jOEqA|E123d,scenario1
bhvx:1_qK69I5xJt3cAACIb,4kj+nYqA|E210f,scenario1
bhvx:1_uRbBuyMPD54AABkw,IrKDmkqA|E34bc,scenario1
bhvx:1_vdF9OxJf0d4AAHTA,SM2AREqA|E12a2,scenario1
bhvx:1_8DoTGDYbXjIAABrq,wtdeeIqA|E3233,scenario1
bhvx:1_qiNc6PrFwWYAADg3,3tZSrYqA|E2efb,scenario1
bhvx:1_hY5XLlUv0nQAAHW3,HhMa6wqA|Ed38,scenario1
bhvx:1_5bEFMgKHILoAAKCZ,2SnMgkqA|E30b3,scenario1
bhvx:1_QPHGc5ypWEcAABtT,R046qkqA|E3732,scenario1
bhvx:1_bZIWd/ZKKZEAADzK,x4C2y4qA|E3b83,scenario1
bhvx:1_Btyo/3/zEVAAABZ/,Lk7JEUqA|E30e4,scenario1
bhvx:1_lmueLwEpvfMAAHVE,owahMEqA|Ee75,scenario1
bhvx:1_vUJnUM2K39IAACIM,LPVmCIqA|E1a4c,scenario1
bhvx:1_b4qMQHVf9loAABWV,IZ5ylYqA|E3374,scenario1
bhvx:1_t4scMogDrfQAACKM,H7hRCEqA|E27a0,scenario1
bhvx:1_fPswvT6DeTYAAPo4,0ToHBoqA|E33bb,scenario1
bhvx:1_rbO/sJBgB1IAABIj,rxRsgYqA|E2f0d,scenario1
bhvx:1_AR5RSm4bxtkAADxg,3/VdnEqA|E3b03,scenario1
bhvx:1_gKgWORSN/80AAFqc,50UZ1wqA|E150f,scenario1
bhvx:1_Z5o5ycyM7wEAABP1,/1rNLIqA|E33a7,scenario1
bhvx:1_1xgl/Mtz0O8AABVQ,V+TVawqA|E2d22,scenario1
bhvx:1_equrKksMBfsAAJ4k,2atsqIqA|Ef4b,scenario1
bhvx:1_95DOMcvcWpsAAGIg,S/y+hYqA|E1302,scenario1
bhvx:1_CLrB7+6vAnMAAE+H,wQ2eAIqA|E31fb,scenario1
bhvx:1_4fExuyLbkzEAACJ8,iOASrwqA|E31e9,scenario1
bhvx:1_h76+fiHzexAAABWZ,mcQEzwqA|E2bc9,scenario1
bhvx:1_HoCysGxoe+cAACIj,eBaxhYqA|E1296,scenario1
bhvx:1_esTo1u2hm2UAABWb,6cqL3wqA|E3327,scenario1
bhvx:1_yrsfICMuff4AAHVz,5AowI4qA|Efc7,scenario1
bhvx:1_p5Uw+mDJy/0AAD/e,VexYeYqA|E1f82,scenario1
bhvx:1_gdKVVQGQrM8AACIP,2gSTE4qA|E230b,scenario1
bhvx:1_7qIeigSnbLUAAVP3,gmxkswqA|Ef99,scenario1
bhvx:1_rRUD+zM0v+QAABWT,p2xKrEqA|E38a5,scenario1
bhvx:1_ZFXw/gh8sZsAAFzn,0cUYoUqA|E30db,scenario1
bhvx:1_DVf5mXhCUjoAAAuY,EZWzQ4qA|E3a58,scenario1
bhvx:1_LAxl+YtopcAAABer,roc60EqA|E348d,scenario1
bhvx:1_cve4rbUIzloAAHgP,WrwHf4qA|E344a,scenario1
bhvx:1_XCSNMxImAvwAABWa,CkG/nkqA|E3748,scenario1
bhvx:1_L5yIlWwvm5MAAVOu,JYmAywqA|Ef0c,scenario1
bhvx:1_z3LgEzdSApoAACWM,4Ba1dYqA|E1e0f,scenario1
bhvx:1_yn4JxZBQyukAAB3x,8CIJpYqA|E1f3f,scenario1
bhvx:1_wi0IJlRJ6PIAACLm,JHSPYwqA|E145c,scenario1
bhvx:1_AJ0HKlPGPaUAABhV,ju06eoqA|E3411,scenario1
bhvx:1_tNZ9COJS/e0AABWX,fQVSuIqA|E3606,scenario1
bhvx:1_9GbRTKxD1e8AAZ8Y,/vhXiYqA|E34f7,scenario1
bhvx:1_vCuImE7YbjEAAD9f,qJrxUIqA|E381d,scenario1
bhvx:1_Lzhm5kayV6gAACLU,v0gVxIqA|E1c35,scenario1
bhvx:1_1GsDFdd8baAAAK5L,BHJrekqA|Ebf0,scenario1
bhvx:1_IFDeg6BuCvoAACIx,DeBqc4qA|E2078,scenario1
bhvx:1_iDs4nDi8UgkAAFHR,bM7cFoqA|E3416,scenario1
bhvx:1_SCXkg0pekjYAAAui,ycGD7IqA|E1a6b,scenario1
bhvx:1_gXdGmDVdTD4AAZ/b,yyrYREqA|E38f3,scenario1
bhvx:1_cSuJFo3BPlAAACbD,ufQ60EqA|E3665,scenario1
bhvx:1_7ON3bx2tFPIAACQj,gZuHMYqA|E33d9,scenario1
bhvx:1_xNzEU4FaTWAAAEYD,xtAviEqA|E4023,scenario1
bhvx:1_pN2zEzPFm68AAAVM,0ENMakqA|Ec1b,scenario1
bhvx:1_jmxEaextDKoAAD6e,p1qqlYqA|E3ed5,scenario1
bhvx:1_dKxE7sSwvSkAABsv,T8QhCEqA|E3492,scenario1
bhvx:1_BlYpc5pwDbUAAGjT,nLCrpYqA|Eb81,scenario1
bhvx:1_8Ha3f1EJRl4AAEk6,1tm3foqA|E35db,scenario1
bhvx:1_VR7MJSALF2cAACE5,s68ozIqA|E307d,scenario1
bhvx:1_hUSY28NFkjoAABeR,SDZr8YqA|E2eea,scenario1
bhvx:1_sAagO2J18b8AABhA,tayL6EqA|E418d,scenario1
bhvx:1_iAW8OZT1AukAALV4,p8EZqYqA|E87d,scenario1
bhvx:1_qWipEHjJlDQAAHSt,oLz1iYqA|E1ed,scenario1
bhvx:1_E9C5JPrFuL8AABeW,pe4H9wqA|E2a15,scenario1
bhvx:1_AP8Pn1bTn80AAJjp,5cjK2IqA|E1007,scenario1
bhvx:1_axH7tlZDCkkAABaC,kHKinwqA|E3391,scenario1
bhvx:1_gVREObkcjbsAABKQ,BWjV0EqA|E2a78,scenario1
bhvx:1_7iyoNBh4dNwAAQKV,jLNhyIqA|E3399,scenario1
bhvx:1_OyEvjMXyCsQAABWE,biL2QUqA|E2f76,scenario1
bhvx:1_crOdoH1HL5AAABbz,m9t844qA|E3b91,scenario1
bhvx:1_UgTv57HoLBEAAa4S,Gn1Dy4qA|Efc8,scenario1
bhvx:1_7kZy4wyuUbIAABOp,RQUWMUqA|E3b32,scenario1
bhvx:1_SmUdrWNbMrQAACgl,/6Cg8IqA|E3397,scenario1
bhvx:1_pxU73r1AQ4MAACsE,XyX+2kqA|E177a,scenario1
bhvx:1_HVhHi7f4p+IAAGmJ,RZjQ2EqA|Ed0a,scenario1
bhvx:1_K7knkCX+IBAAAAk/,rR8WhYqA|Eb7d,scenario1
bhvx:1_DK/gRaqXUGgAAO6q,vehqYUqA|E3755,scenario1
bhvx:1_1ept1xartjEAABaF,YxHJeoqA|E3626,scenario1
bhvx:1_1NCfKdvuzaAAAEP5,zOoKHoqA|E3633,scenario1
bhvx:1_GJh7VVtDNncAAFok,0izgkoqA|E355b,scenario1
bhvx:1_Den/2GMWqAEAABhR,CGQmRoqA|E2c00,scenario1
bhvx:1_C3lwj2gefVgAAZ/d,+9+esEqA|E376f,scenario1
bhvx:1_mAUp5+4XKdUAAD//,yu9GjEqA|E34a3,scenario1
bhvx:1_J0G0otJni34AADPK,NrzlDIqA|E1cbc,scenario1
bhvx:1_3fvc4ochM6AAALiS,Lng4uoqA|Ea54,scenario1
bhvx:1_HX6E5kHCgFoAADwP,aCfZGkqA|E38be,scenario1
bhvx:1_GR2sJSfIDD0AAAX0,J7hqDYqA|E2cfc,scenario1
bhvx:1_yYD7c1J62ukAAP3q,Ir7O8pqA|Ef34,scenario1
bhvx:1_LuQmJaJZTNIAABKF,u0HXUYqA|E36c5,scenario1
bhvx:1_oIEiGv4nHVgAABqd,aYxWBYqA|E35fe,scenario1
bhvx:1_F3P/cSkTiMAAAFj5,cfAlswqA|E120e,scenario1
bhvx:1_MJwI2L5EhmUAAB2q,dptEoUqA|E1a06,scenario1
bhvx:1_m4n883maR1kAABsJ,3kEQ4UqA|E3a33,scenario1
bhvx:1_FusswmpJuP0AAPq1,moMjnwqA|E31f9,scenario1
bhvx:1_gm6AJHCc2BsAADft,4rLoxoqA|E33bf,scenario1
bhvx:1_9hS5nj+imTEAAEQK,t543YYqA|E20d5,scenario1
bhvx:1_whCrYMaXnf4AAGFf,CFAnxkqA|E1460,scenario1
bhvx:1_MJRmTLrY2JkAABWX,KMycpkqA|E30cc,scenario1
bhvx:1_x+mA9o5yn3kAACRG,h+kBswqA|E1469,scenario1
bhvx:1_6bhC7U+ro3QAABb9,iMIrWEqA|E3499,scenario1
bhvx:1_j5sxn0j5GLEAAD+f,2x3tLkqA|E34cb,scenario1
bhvx:1_PhEkTRUx5/sAABeD,gEaozIqA|E3339,scenario1
bhvx:1_38Gtt0qBgVEAACZ0,ic6N8IqA|E1d19,scenario1
bhvx:1_dH8tX/T4xbcAAPtR,By7lNwqA|Eb30,scenario1
bhvx:1_hxdR3AbZ9VwAAZ9B,ETCx7wqA|E3518,scenario1
bhvx:1_IpsZxQtaDjQAACCS,ibWC3wqA|E2ea9,scenario1
bhvx:1_K5AS2dB56zkAAZ+4,DlUgBkqA|E34f8,scenario1
bhvx:1_n49YMFpq2ZMAABiL,XUdoG4qA|E3b8a,scenario1
bhvx:1_q7UelvrvEHcAACG8,JZ8RQoqA|E2a3c,scenario1
bhvx:1_E7CuIGKFkZEAAHXl,t1qy4wqA|Ef95,scenario1
bhvx:1_8qAZ6ekcMrkAADTc,4HxzMwqA|E320f,scenario1
bhvx:1_TuXxwU7uZssAABr1,J1tABEqA|E36f4,scenario1
bhvx:1_TA6Fjz7OQAEAAB6A,1XAEnkqA|E13e3,scenario1
bhvx:1_CdtJd8otnFYAADnH,XlpAIkqA|E32aa,scenario1
bhvx:1_RZ4HmYvrH7QAAGT5,+gFJEwqA|E2dff,scenario1
bhvx:1_nxzmOLabaUEAAFx8,F57yAoqA|E3348,scenario1
bhvx:1_trgXMSM63lEAAKsg,k/4vpYqA|E761,scenario1
bhvx:1_HoqhcZvW5jkAAQhL,3qmEswqA|Ee6b,scenario1
bhvx:1_kI8h2Rgma/gAACQz,PR9WkoqA|E1b64,scenario1
bhvx:1_ssLr7I+/gJ8AACIh,vfxEDwqA|E3225,scenario1
bhvx:1_GNJAROoh2e4AABoI,oT0ZEUqA|E2f7d,scenario1
bhvx:1_uNVvUcOK8TAAABEw,2n2t9EqA|E3293,scenario1
bhvx:1_BMZZv+8oayAAAAVH,jZACs4qA|Eb01,scenario1
bhvx:1_w5Ac8hp5c5UAALo9,U4WIOEqA|Ee2a,scenario1
bhvx:1_nEs77+XjR3QAAB3z,bhtEU4qA|E1f56,scenario1
bhvx:1_gmoDIGYa+oYAABaG,rFfYVYqA|E364d,scenario1
bhvx:1_hwFG6OYSJNoAABYm,0VpqukqA|E3c33,scenario1
bhvx:1_v1v5EADLGUoAABWZ,DeQ4HkqA|E2f68,scenario1
bhvx:1_8iiCLTCxI7gAACIL,ZxIHE4qA|E21e6,scenario1
bhvx:1_2VgB1nNAZr8AAFoD,Wowc/IqA|Efaa,scenario1
bhvx:1_AHoSUuAN8wIAAD9T,DH1WikqA|E2740,scenario1
bhvx:1_X38gpEqSs50AAByR,eCQ0/EqA|E34ae,scenario1
bhvx:1_RPRn7gt3YU8AAD+1,t1v9sYqA|E2d6d,scenario1
bhvx:1_e5dD91jUfG8AABr6,p1QNPkqA|E2f75,scenario1
bhvx:1_8iy69jv8Qj4AABxt,7yu2KwqA|E2bb7,scenario1
bhvx:1_z9Y5MRSTvgYAADSC,90t+oYqA|E36bf,scenario1
bhvx:1_HodGrF7CO/IAAEBD,zZ/Y2EqA|E3bab,scenario1
bhvx:1_VWqMDp415eIAAIET,x4+kboqA|E2edb,scenario1
bhvx:1_ZnhpDhfNneEAABr9,rymciwqA|E2ffd,scenario1
bhvx:1_O08h3yVosLgAAF+W,trQeaIqA|E1d1d,scenario1
bhvx:1_2OXXGBfjuFIAACEd,U4GoFkqA|E32c2,scenario1
bhvx:1_/Vfzhnk6+g8AAKf6,x/eFHkqA|E1243,scenario1
bhvx:1_kdDViamWTD4AAEbO,MlDQIYqA|E35e4,scenario1
bhvx:1_Va7G4UYMmOQAACQy,EM5NqEqA|E3098,scenario1
bhvx:1_VcmS3NB/F5YAAE2/,B1JQ+IqA|E3a80,scenario1
bhvx:1_U7U6kfZIzr4AABr0,hDQf7kqA|E3a81,scenario1
bhvx:1_L3kzbQOl6dwAAATq,EtqYcUqA|Eda0,scenario1
bhvx:1_4K/LklTLlTQAABmq,BZblwUqA|E3a30,scenario1
bhvx:1_5rNhEHgmvsoAABWh,pDnWAEqA|E3ff5,scenario1
bhvx:1_VsIX/dbhxFEAABPl,C3W7ZoqA|E2ed8,scenario1
bhvx:1_40jkpHQFF1EAABaI,XDlGDYqA|E33ea,scenario1
bhvx:1_jStSmSG65tgAAPoE,GfctqwqA|E2ff8,scenario1
bhvx:1_OsDWb8ZkH4UAAC1/,GYzOywqA|E3050,scenario1
bhvx:1_Ah4A2Vz5LWQAACID,bQ8D+YqA|E21b6,scenario1
bhvx:1_f1PtNALbiRQAAD+I,IrKdOoqA|E3ccc,scenario1
bhvx:1_DsbCQi6iOTgAAYtU,aJE1iYqA|E166,scenario1
bhvx:1_GcgzUYSAKn8AABWL,mM24LYqA|E2ef9,scenario1
bhvx:1_7eP5C6064uYAAA2a,hJeEI4qA|E3879,scenario1
bhvx:1_it3qziJ+f6kAABWT,1yN3uoqA|E2a43,scenario1
bhvx:1_X64xjlJNPxsAAZ/t,TkwEpkqA|E3a52,scenario1
bhvx:1_vYEczBAq83AAACRl,nioZZoqA|E3251,scenario1
bhvx:1_eFgWIUaVJnwAAFzY,DWmIPwqA|E2d38,scenario1
bhvx:1_Nb9q7TOMmpYAAP+u,O+CqSwqA|E150c,scenario1
bhvx:1_gWUwSu68WhwAABeS,7iMDw4qA|E2f2f,scenario1
bhvx:1_qT5yjszkCYMAAfyc,4dpJCIqA|E131f,scenario1
bhvx:1_kBfsPHUj9z0AACM8,ngRwIkqA|E2169,scenario1
bhvx:1_EEUxzjETkSsAACU4,IYCnoYqA|E21a4,scenario1
bhvx:1_r0XreW8PifIAADEe,+7FSeIqA|E1c2f,scenario1
bhvx:1_j4OkaLGOVWIAAD8l,sSKYY4qA|E2115,scenario1
bhvx:1_YA1uW39iyzwAABRh,2cTbykqA|E30bb,scenario1
bhvx:1_asLGZ/KPlSsAAKb5,da+PFkqA|Edfe,scenario1
bhvx:1_GpQHzsFncFYAAGUr,Gz6CJkqA|Ed78,scenario1
bhvx:1_jxUD5QzPrugAAZ96,MIYzMYqA|E3b4c,scenario1
bhvx:1_v2bGN6z5vnUAAHT/,tnHXFkqA|Eb75,scenario1
bhvx:1_n9KzzDS+ng8AAG6U,jSxa6wqA|E1211,scenario1
bhvx:1_BLfkBTdFInIAAK1C,EIWG2EqA|Ec18,scenario1
bhvx:1_KYTDlRJK0xgAADcG,ki6QZwqA|E35a1,scenario1
bhvx:1_DgMmf3djNjgAABWg,FMK2rEqA|E2f50,scenario1
bhvx:1_kYg5Fo5zvqwAABVL,Gu1VvIqA|E36a0,scenario1
bhvx:1_prHFHn/EnnUAADQN,myqtdYqA|E2f29,scenario1
bhvx:1_9K6iwzt9w7UAAG7A,SRwxKUqA|E34e2,scenario1
bhvx:1_dkcHI4yyqXgAAEQP,ruZzXwqA|E3815,scenario1
bhvx:1_Fx0LXz1Rg2sAAB4y,ea7EMUqA|E2f7e,scenario1
bhvx:1_7gt/Y4H1YdAAABwA,Iv08HIqA|E3694,scenario1
bhvx:1_fgjFdjS+HysAADOl,TBzY/EqA|E4082,scenario1
bhvx:1_GTJEBgyuzMIAAGij,bdvZJkqA|Ef86,scenario1
bhvx:1_GYkP6mUyNugAABQB,WpArYYqA|E3982,scenario1
bhvx:1_J6mVJo4x+igAAPte,1bbOk4qA|Ef2b,scenario1
bhvx:1_6hU/SeKSaZkAAEcK,ZPatSEqA|E24be,scenario1
bhvx:1_YztVYcgCY+oAADe/,WJ5J/wqA|E31fa,scenario1
bhvx:1_Y5TVh3C2daUAAPp1,vCFPI4qA|E122d,scenario1
bhvx:1_FPQrjxmOLE8AABWV,MIbbrYqA|E2f2c,scenario1
bhvx:1_/SELtKtPFiYAADoK,dntk6oqA|E361e,scenario1
bhvx:1_c8TF2+Xv6/8AAB2e,QxtEU4qA|E1fa2,scenario1
bhvx:1_16pdhjnBOB8AAB0M,nCOHXEqA|E3461,scenario1
bhvx:1_AW0DZA/EyFEAAFYf,pioPMUqA|E34dd,scenario1
bhvx:1_dYg43Puz7EgAABWc,x8BuZYqA|E2a63,scenario1
bhvx:1_oBT4JBPeU5AAABdq,ue6PxIqA|E3335,scenario1
bhvx:1_p7HKX1IpLYAAADyt,HCrnGkqA|E4030,scenario1
bhvx:1_mbaws7EZWCwAACPo,SaZ29EqA|E27b2,scenario1
bhvx:1_LTpxRmunWH0AAEb5,PvGNxEqA|E3f54,scenario1
bhvx:1_h3K7TGSP9I4AABB/,CJ1zbEqA|E38a8,scenario1
bhvx:1_wN+Dl/QwtDUAACUE,/pEYFkqA|E217f,scenario1
bhvx:1_dqih88CnsIcAADHu,oRqHkoqA|E1a7d,scenario1
bhvx:1_U0yFAhnlt14AABPL,59HuKIqA|E317f,scenario1
bhvx:1_Fl4/jKRz/kQAALQ3,jfcUuoqA|E1221,scenario1
bhvx:1_zL3krgQ7LN8AACM6,pCUhE4qA|E2215,scenario1
bhvx:1_+huKZxgK9t0AAWeX,Adc7mkqA|E30c0,scenario1
bhvx:1_iTmd8sPdkd8AAEJN,52r2nIqA|E2a37,scenario1
bhvx:1_do6N89wb38YAALZC,W5SflkqA|Ef42,scenario1
bhvx:1_L65kkOSoIcMAACFY,vjWCAIqA|E2615,scenario1
bhvx:1_1f8X6Bx9BsMAAZ9E,vx+u2IqA|E32ed,scenario1
bhvx:1_gtpI6wJGYO4AABWV,NtOy74qA|E348c,scenario1
bhvx:1_u6R1EL6kjMwAACrO,wub2XwqA|E3063,scenario1
bhvx:1_59XD4hOwZbkAABTP,e49x8YqA|E3d36,scenario1
bhvx:1_7vAkCGmvEHUAAhok,yZ8Mo4qA|E1ef3,scenario1
bhvx:1_6ktVLJlFfB4AABZ7,Q2/URoqA|E3352,scenario1
bhvx:1_FgMEKj274LsAAaqq,Ax+1U4qA|E12b8,scenario1
bhvx:1_lg889N31ikoABJ6g,84sxI4qA|E12e7,scenario1
bhvx:1_FtKBTN1YigUAACeZ,Kh/g4UqA|E34dc,scenario1
bhvx:1_1dse3o/XDCYAAAtd,rJHo9YqA|E5,scenario1
bhvx:1_NueZonZESCoAACEZ,sQnJLEqA|E36fd,scenario1
bhvx:1_UVBwN8SAEToAAB6F,QB71XIqA|E16aa,scenario1
bhvx:1_pOnZIFKI3WgAAEpq,iwCBrEqA|E3a01,scenario1
bhvx:1_dGLPHijSTKcAAFHG,dFg3bwqA|E31f6,scenario1
bhvx:1_K/velb8VxD8AADj8,phESOoqA|E334d,scenario1
bhvx:1_CT/G8JzboF8AADU3,/BHvDwqA|E2d2f,scenario1
bhvx:1_29BS+mkQtXMAABWn,54TuokqA|E3467,scenario1
bhvx:1_wrIC+w/Lh/4AABWV,NvtNH4qA|E3664,scenario1
bhvx:1_eK1ZTjN6tyIAABsk,YW62QUqA|E3a2e,scenario1
bhvx:1_5mPdwq+y9B8AAChh,ywBa0EqA|E2a7b,scenario1
bhvx:1_gCbOGfuZec0AAB3U,AwZo84qA|E1f58,scenario1
bhvx:1_z4Ptqhn5AAoAAK9b,oitFpYqA|Ea05,scenario1
bhvx:1_4kRt65nM0/IAACIG,koaSLYqA|E21d9,scenario1
bhvx:1_ZdIw6yr3LDAAAD7o,5nA3t4qA|E278f,scenario1
bhvx:1_X+UF9zbJxJkAACTL,K4Ve2IqA|E3074,scenario1
bhvx:1_Rk1Fi1uNqkgAADKl,lsGa3oqA|E3d31,scenario1
bhvx:1_pKUTJ23E+LYAAEhg,7q61JYqA|E3e67,scenario1
bhvx:1_EEpF49jGIJkAAERU,rJ8KmIqA|E3605,scenario1
bhvx:1_ZlYG+CjoPEsAABLF,8Zo9u4qA|E3f37,scenario1
bhvx:1_pTxR5ou5YDwAADFl,PMCuhoqA|E33bc,scenario1
bhvx:1_XqmHwUiSwYsAAAuf,dEGzQ4qA|E2a6e,scenario1
bhvx:1_kBFEnDjnhwoAAKpQ,oCBzekqA|Eaed,scenario1
bhvx:1_sYBou3DgrdYAAClu,2K//akqA|E2743,scenario1
bhvx:1_4hI7pVpXlNAAABWd,RJUujEqA|E371a,scenario1
bhvx:1_sxDExGY/B04AADIT,6nJO8UqA|E13e7,scenario1
bhvx:1_NNi4kKvT5M0AAEtT,Pxjsk4qA|E36dc,scenario1
bhvx:1_kMf/H5KlabMAABJd,7Y1XxIqA|E2bdf,scenario1
bhvx:1_6bE8Q5w+9zMAAHT7,GY3rI4qA|Eae8,scenario1
bhvx:1_3ylLhbxvzpIAAZ+t,vXEFPwqA|E376d,scenario1
bhvx:1_Nm07EZyH8uoAABEw,CBOS1wqA|E2d28,scenario1
bhvx:1_fzCOYvloWSMAAA6M,OCYHC4qA|E249c,scenario1
bhvx:1_h8XGi0vab8sAAAtK,JtRu+IqA|E70c,scenario1
bhvx:1_SnNq69j/70AAAB4/,GHR1UYqA|E2d68,scenario1
bhvx:1_fumPJL5X+28AAB3Q,dSySOoqA|E33b6,scenario1
bhvx:1_kypBICPFMSwAAANh,6LEnpYqA|Ee87,scenario1
bhvx:1_vmGROxDOhecAABWU,SZ9C04qA|E2a72,scenario1
bhvx:1_aIR/etIhqsEAAA0w,CkXi6YqA|E1f28,scenario1
bhvx:1_cmRrSz8rzPUAACUI,A6myPEqA|E3918,scenario1
bhvx:1_tyNjE/UCT0sAAL5d,dnkHIoqA|Efde,scenario1
bhvx:1_2C8T7+baO90AABj6,FT2NvYqA|E3998,scenario1
bhvx:1_yKLE8UAV/W8AAEo2,VTfdoYqA|E37da,scenario1
bhvx:1_wBi1LB2Z2WkAAGTs,sev5GIqA|E1cad,scenario1
bhvx:1_vqZz1UbuZegAAE/Z,SRsHhwqA|E34fa,scenario1
bhvx:1_pFz/vX40oY0AABsh,hR8c0EqA|E2f39,scenario1
bhvx:1_9Wt5ziPAnpkAACqf,0ltfMYqA|E1ec3,scenario1
bhvx:1_ZXfkCaLB+0EAABaN,re90qkqA|E30bd,scenario1
bhvx:1_zM0RxjBxZFoAACKh,gGl94oqA|E2089,scenario1
bhvx:1_jsg1DJSvwpYAAQEh,3dSAo4qA|Efc3,scenario1
bhvx:1_vKjZKJaUH4MAAJNx,vWadswqA|E2bbd,scenario1
bhvx:1_NIQT3c9Zth4AAB25,SEsrZYqA|E2ef2,scenario1
bhvx:1_N9rGauhlLJ8AALWr,v2YNpYqA|Ec15,scenario1
bhvx:1_AM0L9FNw7QAAACgE,t26gIkqA|E3a0d,scenario1
bhvx:1_meKSdFkolkkAANyb,Ff+/AkqA|Eb70,scenario1
bhvx:1_TU1ElfIPqPEAABhU,RXUnZ4qA|E3fda,scenario1
bhvx:1_OgLUNy+XAA8AACoj,Uc0xDkqA|E1862,scenario1
bhvx:1_hHyw4tXQQn0AACSw,BRBt1IqA|E2a30,scenario1
bhvx:1_yT47cyGRVuAAAFo0,q5vosUqA|E15dd,scenario1
bhvx:1_+Q0p0MVQoY4AAAvJ,zS3o9YqA|E8b,scenario1
bhvx:1_etqU2Qjmh28AAQQH,aB6BhYqA|E1526,scenario1
bhvx:1_TP/jX+RzhmgAAC4P,wLtvGoqA|E2003,scenario1
bhvx:1_0Tx3d+DHbNUAABk5,T8mt4oqA|E2eca,scenario1
bhvx:1_RaoUaYOfBOsAADGS,AOXcHIqA|E33a8,scenario1
bhvx:1_skSkB1HcJd0AACaa,GCQ1mIqA|E1da0,scenario1
bhvx:1_lm2wto8DnwwAAD5N,LWmEDwqA|E2d2c,scenario1
bhvx:1_ZeQsvJCSGyAAAaAZ,zlcNnkqA|E30fb,scenario1
bhvx:1_qCM8K6ndmN4AAEQe,+CJar4qA|E3fdf,scenario1
bhvx:1_0+/lJNavy+IAABh8,LrIV/IqA|E1c44,scenario1
bhvx:1_AM4lJWkaEGAAAHTF,YAzO7wqA|E1286,scenario1
bhvx:1_os2AUDCp3OYAAa3r,sPzuo4qA|E1085,scenario1
bhvx:1_qJc8ZnyAmmUAABcK,5cDOKwqA|E3217,scenario1
bhvx:1_U3DWFJd/P4kAADf5,9UJ5NwqA|E3387,scenario1
bhvx:1_ti6c0wezT5wAABZ7,OLD4bkqA|E30dc,scenario1
bhvx:1_u6UHl2fqzY4AABIO,CyTVXIqA|E1cc0,scenario1
bhvx:1_mSihjNo7uIYAACSy,gqqGJYqA|E1f39,scenario1
bhvx:1_jETJUCf8XMkAAHTg,FHvIiEqA|E12a8,scenario1
bhvx:1_lMs185uYyRoAAETe,NCX7KwqA|E1a94,scenario1
bhvx:1_PdsjxNeGl+sAAEGC,V207WoqA|E3e42,scenario1
bhvx:1_AbTby31gR0wAAHTR,/YBlNwqA|Ef0f,scenario1
bhvx:1_yBEwrLgTgMgAABdq,x+0TGIqA|E339b,scenario1
bhvx:1_Z8XVqUdzMx4AAIZ3,6NqugYqA|E1ddf,scenario1
bhvx:1_mEyt4CSMonIAAPvu,UO95LwqA|E3322,scenario1
bhvx:1_6ruYyje9kecAABgw,QeTHjEqA|E4022,scenario1
bhvx:1_JVnMKl28+b8AACK0,bGdLzYqA|E1ee6,scenario1
bhvx:1_yfv0ACOMGm4AABPx,4jpvqEqA|E36ef,scenario1
bhvx:1_BUnhxN4kz04AAPbZ,hnESiEqA|E1299,scenario1
bhvx:1_RxC/M+QW/9wAABpi,c9PLWEqA|E366e,scenario1
bhvx:1_AQoqgx5zHbgAACVl,CB0+WIqA|E2eb0,scenario1
bhvx:1_ouro4ZFoUUkAACSi,1gmD8oqA|E33b3,scenario1
bhvx:1_detO0Fm69CYAACbE,+gZZykqA|E1fff,scenario1
bhvx:1_wAPLjnrRvsYAACLi,3AX6AYqA|E341b,scenario1
bhvx:1_GRsHjLNuM5cAABWY,rwzpHEqA|E3915,scenario1
bhvx:1_ybKHc5MB3WIAAEH1,Gdg5VEqA|E39d0,scenario1
bhvx:1_eLO0RvlmpiwAACJm,+MaSrwqA|E16f7,scenario1
bhvx:1_T30LklAKGlAAACIz,br3+nIqA|E19ee,scenario1
bhvx:1_3Mp8vSFctsIAABlc,dGhBoYqA|E2a56,scenario1
bhvx:1_54fk6sewMzoAAG+f,ZAzOwYqA|E36be,scenario1
bhvx:1_4fdnTgH5LYIAADNW,kxXnfEqA|E30b1,scenario1
bhvx:1_4qQNKm+3CeQAAKUc,KIpBnIqA|E1194,scenario1
